{
  "Desordre": {
    "crs": "EPSG:4326",
    "style": {
      "color": "0,0,0,255",
      "width": "1.0",
      "capstyle": "round"
    },
    "attributes": {
    "_id": true,
    "_rev": true,
    "@class": true,
    "borne_debut_aval": true,
    "borne_debut_distance": true,
    "prDebut": true,
    "borne_fin_aval": true,
    "borne_fin_distance": true,
    "prFin": true,
    "valid": true,
    "designation": true,
    "longitudeMin": true,
    "longitudeMax": true,
    "latitudeMin": true,
    "latitudeMax": true,
    "editedGeoCoordinate": true,
    "borneDebutId": true,
    "borneFinId": true,
    "systemeRepId": true,
    "commentaire": true,
    "linearId": true,
    "lieuDit": true,
    "coteId": true,
    "positionId": true,
    "sourceId": true,
    "typeDesordreId": true,
    "observations": true,
    "prestationIds": true,
    "voieDigueIds": true,
    "foreignParentId": true,
    "positionDebut": true,
    "positionFin": true,
    "geometry": true,
    "date_debut": true,
    "date_fin": true
  }
  },
  "TronconDigue": {
    "crs": "EPSG:4326",
    "style": {
      "color": "255,0,0,100",
      "width": "1.0",
      "capstyle": "round"
    },
    "attributes": {
    "_id": true,
    "_rev": false,
    "@class": true,
    "libelle": false,
    "designation": false,
    "valid": false,
    "digueId": false,
    "typeRiveId": false,
    "borneIds": false,
    "systemeRepDefautId": false,
    "date_debut": false,
    "geometry": true
  }
  },
  "TronconLit": {
    "crs": "EPSG:4326",
    "style": {
      "color": "0,255,0,100",
      "width": "1.0",
      "capstyle": "round"
    },
    "attributes": {
    "_id": true,
    "_rev": true,
    "@class": true,
    "libelle": true,
    "author": true,
    "valid": true,
    "borneIds": true,
    "systemeRepDefautId": true,
    "date_debut": true,
    "dateMaj": true,
    "geometry": true
  }
  }
}