{
  "AireStockageDependance": {
    "attributes": {
      "@class": true,
      "_id": true,
      "_rev": true,
      "author": true,
      "commentaire": true,
      "date_debut": true,
      "designation": true,
      "geometry": true,
      "libelle": true,
      "photos": true,
      "valid": true
    },
    "style": {
      "default": {
        "color": "#ffcc33",
        "width": "1.0",
        "capstyle": "round",
        "line_style": "solid",
        "joinstyle": "round"
      },
      "point": {
        "name": "circle",
        "color": "#ffcc33"
      }
    },
    "crs": "EPSG:2154"
  },
  "ArbreVegetation": {
    "attributes": {
      "@class": true,
      "_id": true,
      "_rev": true,
      "author": true,
      "borneDebutId": true,
      "borneFinId": true,
      "borne_debut_aval": true,
      "borne_debut_distance": true,
      "borne_fin_aval": true,
      "borne_fin_distance": true,
      "contactEau": true,
      "date_debut": true,
      "designation": true,
      "diametreId": true,
      "distanceDebutMax": true,
      "distanceDebutMin": true,
      "distanceFinMax": true,
      "distanceFinMin": true,
      "explicitGeometry": true,
      "foreignParentId": true,
      "geometry": true,
      "geometryMode": true,
      "geometryType": true,
      "hauteurId": true,
      "latitudeMax": true,
      "latitudeMin": true,
      "longitudeMax": true,
      "longitudeMin": true,
      "parcelleId": true,
      "positionDebut": true,
      "positionFin": true,
      "prDebut": true,
      "prFin": true,
      "systemeRepId": true,
      "traitement": true,
      "typeCoteId": true,
      "typePositionId": true,
      "valid": true
    },
    "style": {
      "default": {
        "color": "#ff0100",
        "width": "1.0",
        "capstyle": "square",
        "line_style": "dash",
        "joinstyle": "bevel"
      },
      "point": {
        "name": "cross",
        "color": "#ff0100"
      }
    },
    "crs": "EPSG:2154"
  },
  "AutreDependance": {
    "attributes": {
      "@class": true,
      "_id": true,
      "_rev": true,
      "author": true,
      "commentaire": true,
      "date_debut": true,
      "designation": true,
      "destinationId": true,
      "geometry": true,
      "libelle": true,
      "photos": true,
      "valid": true
    },
    "style": {
      "default": {
        "color": "#ff9966",
        "width": "1.0",
        "capstyle": "round",
        "line_style": "solid",
        "joinstyle": "round"
      },
      "point": {
        "name": "circle",
        "color": "#ff9966"
      }
    },
    "crs": "EPSG:2154"
  },
  "AutreOuvrageLit": {
    "attributes": {
      "@class": true,
      "_id": true,
      "_rev": true,
      "approximatePositionDebut": true,
      "approximatePositionFin": true,
      "author": true,
      "borneDebutId": true,
      "borneFinId": true,
      "borne_debut_aval": true,
      "borne_debut_distance": true,
      "borne_fin_aval": true,
      "borne_fin_distance": true,
      "commentaire": true,
      "dateMaj": true,
      "date_debut": true,
      "date_fin": true,
      "designation": true,
      "editedGeoCoordinate": true,
      "geometry": true,
      "geometryMode": true,
      "gestions": true,
      "latitudeMax": true,
      "latitudeMin": true,
      "libelle": true,
      "linearId": true,
      "longitudeMax": true,
      "longitudeMin": true,
      "newAttribute": true,
      "photos": true,
      "positionDebut": true,
      "positionFin": true,
      "positionId": true,
      "prDebut": true,
      "prFin": true,
      "proprietes": true,
      "sourceId": true,
      "systemeRepId": true,
      "typeId": true,
      "valid": true
    },
    "style": {
      "default": {
        "color": "#9966ff",
        "width": "1.0",
        "capstyle": "round",
        "line_style": "solid",
        "joinstyle": "round"
      },
      "point": {
        "name": "circle",
        "color": "#9966ff"
      }
    },
    "crs": "EPSG:2154"
  },
  "Berge": {
    "attributes": {
      "@class": true,
      "_id": true,
      "_rev": true,
      "author": true,
      "borneIds": true,
      "commentaire": true,
      "dateMaj": true,
      "date_debut": true,
      "date_fin": true,
      "designation": true,
      "digueId": true,
      "geometry": true,
      "gestions": true,
      "libelle": true,
      "systemeRepDefautId": true,
      "typeRiveId": true,
      "typeTronconId": true,
      "valid": true
    },
    "style": {
      "default": {
        "color": "#0100ff",
        "width": "1.0",
        "capstyle": "square",
        "line_style": "dash",
        "joinstyle": "bevel"
      },
      "point": {
        "name": "cross",
        "color": "#0100ff"
      }
    },
    "crs": "EPSG:2154"
  },
  "BorneDigue": {
    "attributes": {
      "@class": true,
      "_id": true,
      "_rev": true,
      "author": true,
      "dateMaj": true,
      "date_debut": true,
      "date_fin": true,
      "designation": true,
      "fictive": true,
      "geometry": true,
      "libelle": true,
      "valid": true
    },
    "style": {
      "default": {
        "color": "#33ccff",
        "width": "1.0",
        "capstyle": "flat",
        "line_style": "solid",
        "joinstyle": "miter"
      },
      "point": {
        "name": "triangle",
        "color": "#33ccff"
      }
    },
    "crs": "EPSG:2154"
  },
  "CheminAccesDependance": {
    "attributes": {
      "@class": true,
      "_id": true,
      "_rev": true,
      "author": true,
      "date_debut": true,
      "geometry": true,
      "largeur": true,
      "linearId": true,
      "photos": true,
      "revetementId": true,
      "statut": true,
      "valid": true
    },
    "style": {
      "default": {
        "color": "#ff6699",
        "width": "1.0",
        "capstyle": "round",
        "line_style": "solid",
        "joinstyle": "round"
      },
      "point": {
        "name": "circle",
        "color": "#ff6699"
      }
    },
    "crs": "EPSG:2154"
  },
  "Crete": {
    "attributes": {
      "@class": true,
      "_attachments": true,
      "_id": true,
      "_rev": true,
      "author": true,
      "borneDebutId": true,
      "borneFinId": true,
      "borne_debut_aval": true,
      "borne_debut_distance": true,
      "borne_fin_aval": true,
      "borne_fin_distance": true,
      "commentaire": true,
      "conventionIds": true,
      "coteId": true,
      "dateMaj": true,
      "date_debut": true,
      "date_fin": true,
      "designation": true,
      "editedGeoCoordinate": true,
      "epaisseur": true,
      "fonctionId": true,
      "foreignParentId": true,
      "geometry": true,
      "geometryMode": true,
      "largeurMoyenne": true,
      "latitudeMax": true,
      "latitudeMin": true,
      "linearId": true,
      "longitudeMax": true,
      "longitudeMin": true,
      "materiauId": true,
      "natureId": true,
      "numCouche": true,
      "photos": true,
      "positionDebut": true,
      "positionFin": true,
      "positionId": true,
      "prDebut": true,
      "prFin": true,
      "riveId": true,
      "sourceId": true,
      "systemeRepId": true,
      "valid": true
    },
    "style": {
      "default": {
        "color": "#1000ff",
        "width": "1.0",
        "capstyle": "flat",
        "line_style": "solid",
        "joinstyle": "miter"
      },
      "point": {
        "name": "triangle",
        "color": "#1000ff"
      }
    },
    "crs": "EPSG:2154"
  },
  "CreteBerge": {
    "attributes": {
      "@class": true,
      "_id": true,
      "_rev": true,
      "approximatePositionDebut": true,
      "approximatePositionFin": true,
      "author": true,
      "borneDebutId": true,
      "borneFinId": true,
      "borne_debut_aval": true,
      "borne_debut_distance": true,
      "borne_fin_aval": true,
      "borne_fin_distance": true,
      "commentaire": true,
      "dateMaj": true,
      "date_debut": true,
      "date_fin": true,
      "designation": true,
      "editedGeoCoordinate": true,
      "epaisseur": true,
      "fonctionId": true,
      "geometry": true,
      "geometryMode": true,
      "latitudeMax": true,
      "latitudeMin": true,
      "linearId": true,
      "longitudeMax": true,
      "longitudeMin": true,
      "materiauId": true,
      "natureId": true,
      "newAttribute": true,
      "numCouche": true,
      "photos": true,
      "positionDebut": true,
      "positionFin": true,
      "prDebut": true,
      "prFin": true,
      "sourceId": true,
      "systemeRepId": true,
      "valid": true
    },
    "style": {
      "default": {
        "color": "#66ff99",
        "width": "1.0",
        "capstyle": "square",
        "line_style": "dash",
        "joinstyle": "bevel"
      },
      "point": {
        "name": "cross",
        "color": "#66ff99"
      }
    },
    "crs": "EPSG:2154"
  },
  "Desordre": {
    "attributes": {
      "@class": true,
      "_attachments": true,
      "_id": true,
      "_rev": true,
      "approximatePositionDebut": true,
      "approximatePositionFin": true,
      "articleIds": true,
      "author": true,
      "borneDebutId": true,
      "borneDebutLibelle": true,
      "borneFinId": true,
      "borneFinLibelle": true,
      "borne_debut_aval": true,
      "borne_debut_distance": true,
      "borne_fin_aval": true,
      "borne_fin_distance": true,
      "categorieDesordreId": true,
      "commentaire": true,
      "conventionIds": true,
      "coteId": true,
      "dateMaj": true,
      "date_debut": true,
      "date_fin": true,
      "designation": true,
      "echelleLimnimetriqueIds": true,
      "editMode": true,
      "editedGeoCoordinate": true,
      "evenementHydrauliqueIds": true,
      "foreignParentId": true,
      "geometry": true,
      "geometryMode": true,
      "latitudeMax": true,
      "latitudeMin": true,
      "lieuDit": true,
      "linearId": true,
      "linearId2": true,
      "longitudeMax": true,
      "longitudeMin": true,
      "observations": true,
      "ouvertureBatardableIds": true,
      "ouvrageFranchissementIds": true,
      "ouvrageHydrauliqueAssocieIds": true,
      "ouvrageParticulierIds": true,
      "ouvrageTelecomEnergieIds": true,
      "ouvrageVoirieIds": true,
      "positionDebut": true,
      "positionFin": true,
      "positionId": true,
      "prDebut": true,
      "prFin": true,
      "prestationIds": true,
      "reseauHydrauliqueCielOuvertIds": true,
      "reseauHydrauliqueFermeIds": true,
      "reseauTelecomEnergieIds": true,
      "sourceId": true,
      "stationPompageIds": true,
      "systemeRepId": true,
      "typeDesordreId": true,
      "valid": true,
      "voieAccesIds": true,
      "voieDigueIds": true
    },
    "style": {
      "default": {
        "color": "#ccff33",
        "width": "1.0",
        "capstyle": "square",
        "line_style": "solid",
        "joinstyle": "bevel"
      },
      "point": {
        "name": "square",
        "color": "#ccff33"
      }
    },
    "crs": "EPSG:2154"
  },
  "DesordreDependance": {
    "attributes": {
      "@class": true,
      "_id": true,
      "_rev": true,
      "author": true,
      "commentaire": true,
      "dateMaj": true,
      "date_debut": true,
      "dependanceId": true,
      "designation": true,
      "evenementHydrauliqueIds": true,
      "geometry": true,
      "lieuDit": true,
      "linearId": true,
      "observations": true,
      "photos": true,
      "valid": true
    },
    "style": {
      "default": {
        "color": "#ff1000",
        "width": "1.0",
        "capstyle": "round",
        "line_style": "solid",
        "joinstyle": "round"
      },
      "point": {
        "name": "circle",
        "color": "#ff1000"
      }
    },
    "crs": "EPSG:2154"
  },
  "DesordreLit": {
    "attributes": {
      "@class": true,
      "_id": true,
      "_rev": true,
      "articleIds": true,
      "author": true,
      "borneDebutId": true,
      "borneFinId": true,
      "borne_debut_aval": true,
      "borne_debut_distance": true,
      "borne_fin_aval": true,
      "borne_fin_distance": true,
      "categorieDesordreId": true,
      "commentaire": true,
      "coteId": true,
      "dateMaj": true,
      "date_debut": true,
      "designation": true,
      "echelleLimnimetriqueIds": true,
      "editedGeoCoordinate": true,
      "evenementHydrauliqueIds": true,
      "foreignParentId": true,
      "geometry": true,
      "geometryMode": true,
      "latitudeMax": true,
      "latitudeMin": true,
      "lieuDit": true,
      "linearId": true,
      "longitudeMax": true,
      "longitudeMin": true,
      "observations": true,
      "ouvertureBatardableIds": true,
      "ouvrageFranchissementIds": true,
      "ouvrageHydrauliqueAssocieIds": true,
      "ouvrageParticulierIds": true,
      "ouvrageTelecomEnergieIds": true,
      "ouvrageVoirieIds": true,
      "positionDebut": true,
      "positionFin": true,
      "positionId": true,
      "prDebut": true,
      "prFin": true,
      "prestationIds": true,
      "reseauHydrauliqueCielOuvertIds": true,
      "reseauHydrauliqueFermeIds": true,
      "reseauTelecomEnergieIds": true,
      "seuilIds": true,
      "sourceId": true,
      "stationPompageIds": true,
      "systemeRepId": true,
      "typeDesordreId": true,
      "valid": true,
      "voieAccesIds": true,
      "voieDigueIds": true
    },
    "style": {
      "default": {
        "color": "#1000ff",
        "width": "1.0",
        "capstyle": "round",
        "line_style": "solid",
        "joinstyle": "round"
      },
      "point": {
        "name": "circle",
        "color": "#1000ff"
      }
    },
    "crs": "EPSG:2154"
  },
  "Deversoir": {
    "attributes": {
      "@class": true,
      "_id": true,
      "_rev": true,
      "author": true,
      "borneDebutId": true,
      "borneFinId": true,
      "borne_debut_aval": true,
      "borne_debut_distance": true,
      "borne_fin_aval": true,
      "borne_fin_distance": true,
      "commentaire": true,
      "conventionIds": true,
      "coteId": true,
      "dateMaj": true,
      "date_debut": true,
      "designation": true,
      "editedGeoCoordinate": true,
      "fonctionId": true,
      "foreignParentId": true,
      "geometry": true,
      "geometryMode": true,
      "latitudeMax": true,
      "latitudeMin": true,
      "libelle": true,
      "linearId": true,
      "longitudeMax": true,
      "longitudeMin": true,
      "photos": true,
      "positionDebut": true,
      "positionFin": true,
      "prDebut": true,
      "prFin": true,
      "raccordementId": true,
      "sourceId": true,
      "systemeRepId": true,
      "valid": true
    },
    "style": {
      "default": {
        "color": "#33ffcc",
        "width": "1.0",
        "capstyle": "flat",
        "line_style": "solid",
        "joinstyle": "miter"
      },
      "point": {
        "name": "triangle",
        "color": "#33ffcc"
      }
    },
    "crs": "EPSG:2154"
  },
  "DomanialiteLit": {
    "attributes": {
      "@class": true,
      "_id": true,
      "_rev": true,
      "author": true,
      "borneDebutId": true,
      "borneFinId": true,
      "borne_debut_aval": true,
      "borne_debut_distance": true,
      "borne_fin_aval": true,
      "borne_fin_distance": true,
      "commentaire": true,
      "dateMaj": true,
      "date_debut": true,
      "designation": true,
      "foreignParentId": true,
      "geometry": true,
      "geometryMode": true,
      "latitudeMax": true,
      "latitudeMin": true,
      "linearId": true,
      "longitudeMax": true,
      "longitudeMin": true,
      "positionDebut": true,
      "positionFin": true,
      "prDebut": true,
      "prFin": true,
      "systemeRepId": true,
      "typeId": true,
      "valid": true
    },
    "style": {
      "default": {
        "color": "#99ff66",
        "width": "1.0",
        "capstyle": "round",
        "line_style": "solid",
        "joinstyle": "round"
      },
      "point": {
        "name": "circle",
        "color": "#99ff66"
      }
    },
    "crs": "EPSG:2154"
  },
  "EchelleLimnimetrique": {
    "attributes": {
      "@class": true,
      "_id": true,
      "_rev": true,
      "author": true,
      "borneDebutId": true,
      "borneFinId": true,
      "borne_debut_aval": true,
      "borne_debut_distance": true,
      "borne_fin_aval": true,
      "borne_fin_distance": true,
      "commentaire": true,
      "conventionIds": true,
      "coteId": true,
      "dateMaj": true,
      "date_debut": true,
      "date_fin": true,
      "designation": true,
      "desordreIds": true,
      "foreignParentId": true,
      "geometry": true,
      "geometryMode": true,
      "latitudeMax": true,
      "latitudeMin": true,
      "libelle": true,
      "linearId": true,
      "longitudeMax": true,
      "longitudeMin": true,
      "observations": true,
      "photos": true,
      "positionDebut": true,
      "positionFin": true,
      "positionId": true,
      "prDebut": true,
      "prFin": true,
      "prestationIds": true,
      "sourceId": true,
      "systemeRepId": true,
      "valid": true
    },
    "style": {
      "default": {
        "color": "#cc33ff",
        "width": "1.0",
        "capstyle": "square",
        "line_style": "solid",
        "joinstyle": "bevel"
      },
      "point": {
        "name": "square",
        "color": "#cc33ff"
      }
    },
    "crs": "EPSG:2154"
  },
  "Epi": {
    "attributes": {
      "@class": true,
      "_id": true,
      "_rev": true,
      "author": true,
      "borneDebutId": true,
      "borneFinId": true,
      "borne_debut_aval": true,
      "borne_debut_distance": true,
      "borne_fin_aval": true,
      "borne_fin_distance": true,
      "commentaire": true,
      "conventionIds": true,
      "coteId": true,
      "dateMaj": true,
      "date_debut": true,
      "designation": true,
      "editedGeoCoordinate": true,
      "foreignParentId": true,
      "geometry": true,
      "geometryMode": true,
      "latitudeMax": true,
      "latitudeMin": true,
      "libelle": true,
      "linearId": true,
      "longitudeMax": true,
      "longitudeMin": true,
      "photos": true,
      "positionDebut": true,
      "positionFin": true,
      "positionId": true,
      "prDebut": true,
      "prFin": true,
      "sourceId": true,
      "systemeRepId": true,
      "valid": true
    },
    "style": {
      "default": {
        "color": "#cc33ff",
        "width": "1.0",
        "capstyle": "flat",
        "line_style": "solid",
        "joinstyle": "miter"
      },
      "point": {
        "name": "triangle",
        "color": "#cc33ff"
      }
    },
    "crs": "EPSG:2154"
  },
  "EpiBerge": {
    "attributes": {
      "@class": true,
      "_id": true,
      "_rev": true,
      "author": true,
      "borneDebutId": true,
      "borneFinId": true,
      "borne_debut_aval": true,
      "borne_debut_distance": true,
      "borne_fin_aval": true,
      "borne_fin_distance": true,
      "coteAltimetriqueAncrage": true,
      "coteAltimetriqueFondation": true,
      "dateMaj": true,
      "date_debut": true,
      "foreignParentId": true,
      "latitudeMax": true,
      "latitudeMin": true,
      "linearId": true,
      "longitudeMax": true,
      "longitudeMin": true,
      "longueurAncrageAmont": true,
      "longueurAncrageAval": true,
      "longueurCorps": true,
      "longueurTete": true,
      "longueurTotale": true,
      "materiauAncrageAmontId": true,
      "materiauAncrageAvalId": true,
      "materiauCorpsId": true,
      "materiauTeteId": true,
      "natureAncrageAmontId": true,
      "natureAncrageAvalId": true,
      "natureCorpsId": true,
      "natureTeteId": true,
      "penteCorps": true,
      "prDebut": true,
      "prFin": true,
      "systemeRepId": true,
      "valid": true
    },
    "style": {
      "default": {
        "color": "#100ff0",
        "width": "1.0",
        "capstyle": "square",
        "line_style": "dash",
        "joinstyle": "bevel"
      },
      "point": {
        "name": "cross",
        "color": "#100ff0"
      }
    },
    "crs": "EPSG:2154"
  },
  "Fondation": {
    "attributes": {
      "@class": true,
      "_id": true,
      "_rev": true,
      "author": true,
      "borneDebutId": true,
      "borneFinId": true,
      "borne_debut_aval": true,
      "borne_debut_distance": true,
      "borne_fin_aval": true,
      "borne_fin_distance": true,
      "commentaire": true,
      "conventionIds": true,
      "coteId": true,
      "dateMaj": true,
      "date_debut": true,
      "designation": true,
      "editedGeoCoordinate": true,
      "epaisseur": true,
      "fonctionId": true,
      "foreignParentId": true,
      "geometry": true,
      "geometryMode": true,
      "latitudeMax": true,
      "latitudeMin": true,
      "linearId": true,
      "longitudeMax": true,
      "longitudeMin": true,
      "materiauId": true,
      "natureId": true,
      "numCouche": true,
      "photos": true,
      "positionDebut": true,
      "positionFin": true,
      "positionId": true,
      "prDebut": true,
      "prFin": true,
      "sourceId": true,
      "systemeRepId": true,
      "valid": true
    },
    "style": {
      "default": {
        "color": "#9966ff",
        "width": "1.0",
        "capstyle": "flat",
        "line_style": "solid",
        "joinstyle": "miter"
      },
      "point": {
        "name": "triangle",
        "color": "#9966ff"
      }
    },
    "crs": "EPSG:2154"
  },
  "FondationBerge": {
    "attributes": {
      "@class": true,
      "_id": true,
      "_rev": true,
      "approximatePositionDebut": true,
      "approximatePositionFin": true,
      "author": true,
      "borneDebutId": true,
      "borneFinId": true,
      "borne_debut_aval": true,
      "borne_debut_distance": true,
      "borne_fin_aval": true,
      "borne_fin_distance": true,
      "commentaire": true,
      "dateMaj": true,
      "date_debut": true,
      "date_fin": true,
      "designation": true,
      "editedGeoCoordinate": true,
      "epaisseur": true,
      "fonctionId": true,
      "geometry": true,
      "geometryMode": true,
      "latitudeMax": true,
      "latitudeMin": true,
      "linearId": true,
      "longitudeMax": true,
      "longitudeMin": true,
      "materiauId": true,
      "natureId": true,
      "newAttribute": true,
      "numCouche": true,
      "photos": true,
      "positionDebut": true,
      "positionFin": true,
      "prDebut": true,
      "prFin": true,
      "sourceId": true,
      "systemeRepId": true,
      "valid": true
    },
    "style": {
      "default": {
        "color": "#ccff33",
        "width": "1.0",
        "capstyle": "square",
        "line_style": "dash",
        "joinstyle": "bevel"
      },
      "point": {
        "name": "cross",
        "color": "#ccff33"
      }
    },
    "crs": "EPSG:2154"
  },
  "GardeTroncon": {
    "attributes": {
      "@class": true,
      "_id": true,
      "_rev": true,
      "author": true,
      "borneDebutId": true,
      "borneFinId": true,
      "borne_debut_aval": true,
      "borne_debut_distance": true,
      "borne_fin_aval": true,
      "borne_fin_distance": true,
      "contactId": true,
      "dateMaj": true,
      "date_debut": true,
      "designation": true,
      "editedGeoCoordinate": true,
      "foreignParentId": true,
      "geometryMode": true,
      "latitudeMax": true,
      "latitudeMin": true,
      "linearId": true,
      "longitudeMax": true,
      "longitudeMin": true,
      "prDebut": true,
      "prFin": true,
      "systemeRepId": true,
      "valid": true
    },
    "style": {
      "default": {
        "color": "#ffcc33",
        "width": "1.0",
        "capstyle": "square",
        "line_style": "solid",
        "joinstyle": "bevel"
      },
      "point": {
        "name": "square",
        "color": "#ffcc33"
      }
    },
    "crs": "EPSG:2154"
  },
  "HerbaceeVegetation": {
    "attributes": {
      "@class": true,
      "_id": true,
      "_rev": true,
      "borneDebutId": true,
      "borneFinId": true,
      "borne_debut_aval": true,
      "borne_debut_distance": true,
      "borne_fin_aval": true,
      "borne_fin_distance": true,
      "contactEau": true,
      "date_debut": true,
      "designation": true,
      "distanceDebutMax": true,
      "distanceDebutMin": true,
      "distanceFinMax": true,
      "distanceFinMin": true,
      "foreignParentId": true,
      "frequenceId": true,
      "geometry": true,
      "geometryMode": true,
      "geometryType": true,
      "latitudeMax": true,
      "latitudeMin": true,
      "longitudeMax": true,
      "longitudeMin": true,
      "parcelleId": true,
      "positionDebut": true,
      "positionFin": true,
      "prDebut": true,
      "prFin": true,
      "systemeRepId": true,
      "traitement": true,
      "typeCoteId": true,
      "typePositionId": true,
      "valid": true
    },
    "style": {
      "default": {
        "color": "#ff33cc",
        "width": "1.0",
        "capstyle": "square",
        "line_style": "dash",
        "joinstyle": "bevel"
      },
      "point": {
        "name": "cross",
        "color": "#ff33cc"
      }
    },
    "crs": "EPSG:2154"
  },
  "IleBancLit": {
    "attributes": {
      "@class": true,
      "_id": true,
      "_rev": true,
      "approximatePositionDebut": true,
      "approximatePositionFin": true,
      "author": true,
      "borneDebutId": true,
      "borneFinId": true,
      "borne_debut_aval": true,
      "borne_debut_distance": true,
      "borne_fin_aval": true,
      "borne_fin_distance": true,
      "commentaire": true,
      "dateMaj": true,
      "date_debut": true,
      "date_fin": true,
      "designation": true,
      "editedGeoCoordinate": true,
      "geometry": true,
      "geometryMode": true,
      "gestions": true,
      "largeur": true,
      "latitudeMax": true,
      "latitudeMin": true,
      "libelle": true,
      "linearId": true,
      "longitudeMax": true,
      "longitudeMin": true,
      "longueur": true,
      "photos": true,
      "positionDebut": true,
      "positionFin": true,
      "prDebut": true,
      "prFin": true,
      "proprietes": true,
      "rattacheBerge": true,
      "systemeRepId": true,
      "valid": true,
      "vegetalise": true
    },
    "style": {
      "default": {
        "color": "#cc33ff",
        "width": "1.0",
        "capstyle": "round",
        "line_style": "solid",
        "joinstyle": "round"
      },
      "point": {
        "name": "circle",
        "color": "#cc33ff"
      }
    },
    "crs": "EPSG:2154"
  },
  "InvasiveVegetation": {
    "attributes": {
      "@class": true,
      "_id": true,
      "_rev": true,
      "author": true,
      "borneDebutId": true,
      "borneFinId": true,
      "borne_debut_aval": true,
      "borne_debut_distance": true,
      "borne_fin_aval": true,
      "borne_fin_distance": true,
      "contactEau": true,
      "date_debut": true,
      "densiteId": true,
      "designation": true,
      "distanceDebutMax": true,
      "distanceDebutMin": true,
      "distanceFinMax": true,
      "distanceFinMin": true,
      "foreignParentId": true,
      "geometry": true,
      "geometryMode": true,
      "geometryType": true,
      "latitudeMax": true,
      "latitudeMin": true,
      "longitudeMax": true,
      "longitudeMin": true,
      "parcelleId": true,
      "positionDebut": true,
      "positionFin": true,
      "prDebut": true,
      "prFin": true,
      "systemeRepId": true,
      "traitement": true,
      "typeCoteId": true,
      "typePositionId": true,
      "typeVegetationId": true,
      "valid": true
    },
    "style": {
      "default": {
        "color": "#33ffcc",
        "width": "1.0",
        "capstyle": "square",
        "line_style": "dash",
        "joinstyle": "bevel"
      },
      "point": {
        "name": "cross",
        "color": "#33ffcc"
      }
    },
    "crs": "EPSG:2154"
  },
  "LaisseCrue": {
    "attributes": {
      "@class": true,
      "_attachments": true,
      "_id": true,
      "_rev": true,
      "articleIds": true,
      "author": true,
      "borneDebutId": true,
      "borneFinId": true,
      "borne_debut_aval": true,
      "borne_debut_distance": true,
      "borne_fin_aval": true,
      "borne_fin_distance": true,
      "commentaire": true,
      "conventionIds": true,
      "coteId": true,
      "date": true,
      "dateMaj": true,
      "date_debut": true,
      "designation": true,
      "editedGeoCoordinate": true,
      "evenementHydrauliqueId": true,
      "foreignParentId": true,
      "geometry": true,
      "geometryMode": true,
      "hauteur": true,
      "latitudeMax": true,
      "latitudeMin": true,
      "linearId": true,
      "longitudeMax": true,
      "longitudeMin": true,
      "observateurId": true,
      "photos": true,
      "positionDebut": true,
      "positionFin": true,
      "positionLaisse": true,
      "prDebut": true,
      "prFin": true,
      "referenceHauteurId": true,
      "sourceId": true,
      "systemeRepId": true,
      "valid": true
    },
    "style": {
      "default": {
        "color": "#0ff100",
        "width": "1.0",
        "capstyle": "square",
        "line_style": "solid",
        "joinstyle": "bevel"
      },
      "point": {
        "name": "square",
        "color": "#0ff100"
      }
    },
    "crs": "EPSG:2154"
  },
  "LargeurFrancBord": {
    "attributes": {
      "@class": true,
      "_id": true,
      "_rev": true,
      "author": true,
      "borneDebutId": true,
      "borneFinId": true,
      "borne_debut_aval": true,
      "borne_debut_distance": true,
      "borne_fin_aval": true,
      "borne_fin_distance": true,
      "commentaire": true,
      "conventionIds": true,
      "coteId": true,
      "dateMaj": true,
      "date_debut": true,
      "designation": true,
      "editedGeoCoordinate": true,
      "foreignParentId": true,
      "geometry": true,
      "geometryMode": true,
      "latitudeMax": true,
      "latitudeMin": true,
      "linearId": true,
      "longitudeMax": true,
      "longitudeMin": true,
      "positionDebut": true,
      "positionFin": true,
      "prDebut": true,
      "prFin": true,
      "sourceId": true,
      "systemeRepId": true,
      "typeLargeurFrancBord": true,
      "valid": true
    },
    "style": {
      "default": {
        "color": "#0ff100",
        "width": "1.0",
        "capstyle": "flat",
        "line_style": "solid",
        "joinstyle": "miter"
      },
      "point": {
        "name": "triangle",
        "color": "#0ff100"
      }
    },
    "crs": "EPSG:2154"
  },
  "LargeurLit": {
    "attributes": {
      "@class": true,
      "_id": true,
      "_rev": true,
      "author": true,
      "borneDebutId": true,
      "borneFinId": true,
      "borne_debut_aval": true,
      "borne_debut_distance": true,
      "borne_fin_aval": true,
      "borne_fin_distance": true,
      "commentaire": true,
      "dateMaj": true,
      "date_debut": true,
      "foreignParentId": true,
      "geometry": true,
      "geometryMode": true,
      "largeurMoyenne": true,
      "latitudeMax": true,
      "latitudeMin": true,
      "linearId": true,
      "longitudeMax": true,
      "longitudeMin": true,
      "positionDebut": true,
      "positionFin": true,
      "prDebut": true,
      "prFin": true,
      "systemeRepId": true,
      "valid": true
    },
    "style": {
      "default": {
        "color": "#33ffcc",
        "width": "1.0",
        "capstyle": "round",
        "line_style": "solid",
        "joinstyle": "round"
      },
      "point": {
        "name": "circle",
        "color": "#33ffcc"
      }
    },
    "crs": "EPSG:2154"
  },
  "LigneEau": {
    "attributes": {
      "@class": true,
      "_id": true,
      "_rev": true,
      "articleIds": true,
      "borneDebutId": true,
      "borneFinId": true,
      "borne_debut_aval": true,
      "borne_debut_distance": true,
      "borne_fin_aval": true,
      "borne_fin_distance": true,
      "conventionIds": true,
      "coteId": true,
      "date": true,
      "dateMaj": true,
      "date_debut": true,
      "designation": true,
      "editedGeoCoordinate": true,
      "evenementHydrauliqueId": true,
      "foreignParentId": true,
      "geometry": true,
      "latitudeMax": true,
      "latitudeMin": true,
      "linearId": true,
      "longitudeMax": true,
      "longitudeMin": true,
      "mesuresDZ": true,
      "positionDebut": true,
      "positionFin": true,
      "prDebut": true,
      "prFin": true,
      "referenceHauteurId": true,
      "sourceId": true,
      "systemeRepDzId": true,
      "systemeRepId": true,
      "valid": true
    },
    "style": {
      "default": {
        "color": "#66ff99",
        "width": "1.0",
        "capstyle": "square",
        "line_style": "solid",
        "joinstyle": "bevel"
      },
      "point": {
        "name": "square",
        "color": "#66ff99"
      }
    },
    "crs": "EPSG:2154"
  },
  "MonteeEaux": {
    "attributes": {
      "@class": true,
      "_attachments": true,
      "_id": true,
      "_rev": true,
      "articleIds": true,
      "author": true,
      "borneDebutId": true,
      "borneFinId": true,
      "borne_debut_aval": true,
      "borne_debut_distance": true,
      "borne_fin_aval": true,
      "borne_fin_distance": true,
      "commentaire": true,
      "conventionIds": true,
      "coteId": true,
      "dateMaj": true,
      "date_debut": true,
      "date_fin": true,
      "designation": true,
      "echelleLimnimetriqueId": true,
      "evenementHydrauliqueId": true,
      "foreignParentId": true,
      "geometry": true,
      "geometryMode": true,
      "latitudeMax": true,
      "latitudeMin": true,
      "linearId": true,
      "longitudeMax": true,
      "longitudeMin": true,
      "mesures": true,
      "photos": true,
      "positionDebut": true,
      "positionFin": true,
      "prDebut": true,
      "prFin": true,
      "sourceId": true,
      "systemeRepId": true,
      "valid": true
    },
    "style": {
      "default": {
        "color": "#33ffcc",
        "width": "1.0",
        "capstyle": "square",
        "line_style": "solid",
        "joinstyle": "bevel"
      },
      "point": {
        "name": "square",
        "color": "#33ffcc"
      }
    },
    "crs": "EPSG:2154"
  },
  "OccupationRiveraineLit": {
    "attributes": {
      "@class": true,
      "_id": true,
      "_rev": true,
      "author": true,
      "borneDebutId": true,
      "borneFinId": true,
      "borne_debut_aval": true,
      "borne_debut_distance": true,
      "borne_fin_aval": true,
      "borne_fin_distance": true,
      "commentaire": true,
      "dateMaj": true,
      "date_debut": true,
      "foreignParentId": true,
      "geometry": true,
      "geometryMode": true,
      "latitudeMax": true,
      "latitudeMin": true,
      "linearId": true,
      "longitudeMax": true,
      "longitudeMin": true,
      "positionDebut": true,
      "positionFin": true,
      "prDebut": true,
      "prFin": true,
      "riveId": true,
      "systemeRepId": true,
      "typeOccupationId": true,
      "valid": true
    },
    "style": {
      "default": {
        "color": "#ff0100",
        "width": "1.0",
        "capstyle": "round",
        "line_style": "solid",
        "joinstyle": "round"
      },
      "point": {
        "name": "circle",
        "color": "#ff0100"
      }
    },
    "crs": "EPSG:2154"
  },
  "OuvertureBatardable": {
    "attributes": {
      "@class": true,
      "_id": true,
      "_rev": true,
      "author": true,
      "borneDebutId": true,
      "borneFinId": true,
      "borne_debut_aval": true,
      "borne_debut_distance": true,
      "borne_fin_aval": true,
      "borne_fin_distance": true,
      "commentaire": true,
      "conventionIds": true,
      "coteId": true,
      "dateMaj": true,
      "date_debut": true,
      "date_fin": true,
      "designation": true,
      "desordreIds": true,
      "editedGeoCoordinate": true,
      "foreignParentId": true,
      "futursConventionIds": true,
      "geometry": true,
      "geometryMode": true,
      "gestions": true,
      "hauteur": true,
      "intervenantManipulateurId": true,
      "largeur": true,
      "latitudeMax": true,
      "latitudeMin": true,
      "libelle": true,
      "linearId": true,
      "longitudeMax": true,
      "longitudeMin": true,
      "moyenManipBatardeauxId": true,
      "natureBatardeauxId": true,
      "nombreBatardeaux": true,
      "observations": true,
      "organismeManipulateurId": true,
      "organismeStockantId": true,
      "organismesManipulateursId": true,
      "organismesStockantsId": true,
      "ouvrageFranchissementIds": true,
      "ouvrageRevancheIds": true,
      "photos": true,
      "poidsUnitaireBatardeaux": true,
      "positionDebut": true,
      "positionFin": true,
      "positionId": true,
      "prDebut": true,
      "prFin": true,
      "prestationIds": true,
      "proprietes": true,
      "sourceId": true,
      "systemeRepId": true,
      "typeGlissiereId": true,
      "typeSeuilId": true,
      "valid": true,
      "zseuil": true
    },
    "style": {
      "default": {
        "color": "#ff33cc",
        "width": "1.0",
        "capstyle": "flat",
        "line_style": "solid",
        "joinstyle": "miter"
      },
      "point": {
        "name": "triangle",
        "color": "#ff33cc"
      }
    },
    "crs": "EPSG:2154"
  },
  "OuvrageAssocieLit": {
    "attributes": {
      "@class": true,
      "_id": true,
      "_rev": true,
      "author": true,
      "borneDebutId": true,
      "borneFinId": true,
      "borne_debut_aval": true,
      "borne_debut_distance": true,
      "borne_fin_aval": true,
      "borne_fin_distance": true,
      "commentaire": true,
      "dateMaj": true,
      "date_debut": true,
      "designation": true,
      "foreignParentId": true,
      "geometryMode": true,
      "latitudeMax": true,
      "latitudeMin": true,
      "linearId": true,
      "longitudeMax": true,
      "longitudeMin": true,
      "ouvrageId": true,
      "prDebut": true,
      "prFin": true,
      "systemeRepId": true,
      "valid": true
    },
    "style": {
      "default": {
        "color": "#100ff0",
        "width": "1.0",
        "capstyle": "round",
        "line_style": "solid",
        "joinstyle": "round"
      },
      "point": {
        "name": "circle",
        "color": "#100ff0"
      }
    },
    "crs": "EPSG:2154"
  },
  "OuvrageFranchissement": {
    "attributes": {
      "@class": true,
      "_attachments": true,
      "_id": true,
      "_rev": true,
      "author": true,
      "borneDebutId": true,
      "borneFinId": true,
      "borne_debut_aval": true,
      "borne_debut_distance": true,
      "borne_fin_aval": true,
      "borne_fin_distance": true,
      "commentaire": true,
      "conventionIds": true,
      "coteId": true,
      "crueSubmersionIds": true,
      "dateMaj": true,
      "date_debut": true,
      "date_fin": true,
      "designation": true,
      "desordreIds": true,
      "editMode": true,
      "editedGeoCoordinate": true,
      "foreignParentId": true,
      "geometry": true,
      "geometryMode": true,
      "gestions": true,
      "largeur": true,
      "latitudeMax": true,
      "latitudeMin": true,
      "libelle": true,
      "linearId": true,
      "longitudeMax": true,
      "longitudeMin": true,
      "observations": true,
      "orientationOuvrageId": true,
      "ouvertureBatardableIds": true,
      "ouvrageVoirieIds": true,
      "photos": true,
      "positionBasId": true,
      "positionDebut": true,
      "positionFin": true,
      "positionHautId": true,
      "prDebut": true,
      "prFin": true,
      "prestationIds": true,
      "proprietes": true,
      "revetementBasId": true,
      "revetementHautId": true,
      "revetementId": true,
      "sourceId": true,
      "systemeRepId": true,
      "typeOuvrageFranchissementId": true,
      "usageId": true,
      "valid": true,
      "voieAccesIds": true,
      "voieDigueIds": true
    },
    "style": {
      "default": {
        "color": "#ffcc33",
        "width": "1.0",
        "capstyle": "flat",
        "line_style": "solid",
        "joinstyle": "miter"
      },
      "point": {
        "name": "triangle",
        "color": "#ffcc33"
      }
    },
    "crs": "EPSG:2154"
  },
  "OuvrageHydrauliqueAssocie": {
    "attributes": {
      "@class": true,
      "_attachments": true,
      "_id": true,
      "_rev": true,
      "approximatePositionDebut": true,
      "approximatePositionFin": true,
      "author": true,
      "borneDebutId": true,
      "borneDebutLibelle": true,
      "borneFinId": true,
      "borneFinLibelle": true,
      "borne_debut_aval": true,
      "borne_debut_distance": true,
      "borne_fin_aval": true,
      "borne_fin_distance": true,
      "commentaire": true,
      "conventionIds": true,
      "coteId": true,
      "dateMaj": true,
      "date_debut": true,
      "date_fin": true,
      "designation": true,
      "desordreIds": true,
      "editMode": true,
      "editedGeoCoordinate": true,
      "foreignParentId": true,
      "geometry": true,
      "geometryMode": true,
      "gestions": true,
      "latitudeMax": true,
      "latitudeMin": true,
      "libelle": true,
      "linearId": true,
      "linearId2": true,
      "longitudeMax": true,
      "longitudeMin": true,
      "observations": true,
      "photos": true,
      "positionDebut": true,
      "positionFin": true,
      "positionId": true,
      "prDebut": true,
      "prFin": true,
      "prestationIds": true,
      "proprietes": true,
      "reseauHydrauliqueFermeIds": true,
      "sourceId": true,
      "systemeRepId": true,
      "typeOuvrageHydroAssocieId": true,
      "valid": true
    },
    "style": {
      "default": {
        "color": "#0100ff",
        "width": "1.0",
        "capstyle": "square",
        "line_style": "solid",
        "joinstyle": "bevel"
      },
      "point": {
        "name": "square",
        "color": "#0100ff"
      }
    },
    "crs": "EPSG:2154"
  },
  "OuvrageParticulier": {
    "attributes": {
      "@class": true,
      "_id": true,
      "_rev": true,
      "author": true,
      "borneDebutId": true,
      "borneFinId": true,
      "borne_debut_aval": true,
      "borne_debut_distance": true,
      "borne_fin_aval": true,
      "borne_fin_distance": true,
      "commentaire": true,
      "conventionIds": true,
      "coteId": true,
      "dateMaj": true,
      "date_debut": true,
      "date_fin": true,
      "designation": true,
      "desordreIds": true,
      "editMode": true,
      "editedGeoCoordinate": true,
      "foreignParentId": true,
      "geometry": true,
      "geometryMode": true,
      "gestions": true,
      "latitudeMax": true,
      "latitudeMin": true,
      "libelle": true,
      "linearId": true,
      "longitudeMax": true,
      "longitudeMin": true,
      "observations": true,
      "photos": true,
      "positionDebut": true,
      "positionFin": true,
      "positionId": true,
      "prDebut": true,
      "prFin": true,
      "prestationIds": true,
      "proprietes": true,
      "sourceId": true,
      "systemeRepId": true,
      "typeOuvrageParticulierId": true,
      "valid": true
    },
    "style": {
      "default": {
        "color": "#9966ff",
        "width": "1.0",
        "capstyle": "square",
        "line_style": "solid",
        "joinstyle": "bevel"
      },
      "point": {
        "name": "square",
        "color": "#9966ff"
      }
    },
    "crs": "EPSG:2154"
  },
  "OuvrageRevanche": {
    "attributes": {
      "@class": true,
      "_id": true,
      "_rev": true,
      "author": true,
      "borneDebutId": true,
      "borneFinId": true,
      "borne_debut_aval": true,
      "borne_debut_distance": true,
      "borne_fin_aval": true,
      "borne_fin_distance": true,
      "commentaire": true,
      "conventionIds": true,
      "coteId": true,
      "dateMaj": true,
      "date_debut": true,
      "date_fin": true,
      "designation": true,
      "editedGeoCoordinate": true,
      "foreignParentId": true,
      "geometry": true,
      "geometryMode": true,
      "hauteurMurette": true,
      "largeur": true,
      "latitudeMax": true,
      "latitudeMin": true,
      "linearId": true,
      "longitudeMax": true,
      "longitudeMin": true,
      "materiauBasId": true,
      "materiauHautId": true,
      "natureBasId": true,
      "natureHautId": true,
      "ouvertureBatardableIds": true,
      "photos": true,
      "positionDebut": true,
      "positionFin": true,
      "positionId": true,
      "prDebut": true,
      "prFin": true,
      "sourceId": true,
      "systemeRepId": true,
      "valid": true
    },
    "style": {
      "default": {
        "color": "#100ff0",
        "width": "1.0",
        "capstyle": "flat",
        "line_style": "solid",
        "joinstyle": "miter"
      },
      "point": {
        "name": "triangle",
        "color": "#100ff0"
      }
    },
    "crs": "EPSG:2154"
  },
  "OuvrageRevancheBerge": {
    "attributes": {
      "@class": true,
      "_id": true,
      "_rev": true,
      "approximatePositionDebut": true,
      "approximatePositionFin": true,
      "author": true,
      "borneDebutId": true,
      "borneFinId": true,
      "borne_debut_aval": true,
      "borne_debut_distance": true,
      "borne_fin_aval": true,
      "borne_fin_distance": true,
      "commentaire": true,
      "coteId": true,
      "dateMaj": true,
      "date_debut": true,
      "date_fin": true,
      "designation": true,
      "editedGeoCoordinate": true,
      "geometry": true,
      "geometryMode": true,
      "hauteurMurette": true,
      "largeur": true,
      "latitudeMax": true,
      "latitudeMin": true,
      "linearId": true,
      "longitudeMax": true,
      "longitudeMin": true,
      "materiauBasId": true,
      "materiauHautId": true,
      "natureBasId": true,
      "natureHautId": true,
      "newAttribute": true,
      "ouvertureBatardableIds": true,
      "photos": true,
      "positionDebut": true,
      "positionFin": true,
      "positionId": true,
      "prDebut": true,
      "prFin": true,
      "sourceId": true,
      "systemeRepId": true,
      "valid": true
    },
    "style": {
      "default": {
        "color": "#cc33ff",
        "width": "1.0",
        "capstyle": "square",
        "line_style": "dash",
        "joinstyle": "bevel"
      },
      "point": {
        "name": "cross",
        "color": "#cc33ff"
      }
    },
    "crs": "EPSG:2154"
  },
  "OuvrageTelecomEnergie": {
    "attributes": {
      "@class": true,
      "_id": true,
      "_rev": true,
      "author": true,
      "borneDebutId": true,
      "borneFinId": true,
      "borne_debut_aval": true,
      "borne_debut_distance": true,
      "borne_fin_aval": true,
      "borne_fin_distance": true,
      "commentaire": true,
      "conventionIds": true,
      "coteId": true,
      "dateMaj": true,
      "date_debut": true,
      "date_fin": true,
      "designation": true,
      "desordreIds": true,
      "editedGeoCoordinate": true,
      "foreignParentId": true,
      "geometry": true,
      "geometryMode": true,
      "gestions": true,
      "latitudeMax": true,
      "latitudeMin": true,
      "libelle": true,
      "linearId": true,
      "longitudeMax": true,
      "longitudeMin": true,
      "observations": true,
      "photos": true,
      "positionDebut": true,
      "positionFin": true,
      "positionId": true,
      "prDebut": true,
      "prFin": true,
      "prestationIds": true,
      "proprietes": true,
      "reseauTelecomEnergieIds": true,
      "sourceId": true,
      "systemeRepId": true,
      "typeOuvrageTelecomEnergieId": true,
      "valid": true
    },
    "style": {
      "default": {
        "color": "#100ff0",
        "width": "1.0",
        "capstyle": "square",
        "line_style": "solid",
        "joinstyle": "bevel"
      },
      "point": {
        "name": "square",
        "color": "#100ff0"
      }
    },
    "crs": "EPSG:2154"
  },
  "OuvrageVoirie": {
    "attributes": {
      "@class": true,
      "_attachments": true,
      "_id": true,
      "_rev": true,
      "author": true,
      "borneDebutId": true,
      "borneFinId": true,
      "borne_debut_aval": true,
      "borne_debut_distance": true,
      "borne_fin_aval": true,
      "borne_fin_distance": true,
      "commentaire": true,
      "conventionIds": true,
      "coteId": true,
      "dateMaj": true,
      "date_debut": true,
      "date_fin": true,
      "designation": true,
      "desordreIds": true,
      "editedGeoCoordinate": true,
      "foreignParentId": true,
      "geometry": true,
      "geometryMode": true,
      "gestions": true,
      "latitudeMax": true,
      "latitudeMin": true,
      "libelle": true,
      "linearId": true,
      "longitudeMax": true,
      "longitudeMin": true,
      "observations": true,
      "ouvrageFranchissementIds": true,
      "photos": true,
      "positionDebut": true,
      "positionFin": true,
      "positionId": true,
      "prDebut": true,
      "prFin": true,
      "prestationIds": true,
      "sourceId": true,
      "systemeRepId": true,
      "typeOuvrageVoirieId": true,
      "valid": true
    },
    "style": {
      "default": {
        "color": "#ff6699",
        "width": "1.0",
        "capstyle": "flat",
        "line_style": "solid",
        "joinstyle": "miter"
      },
      "point": {
        "name": "triangle",
        "color": "#ff6699"
      }
    },
    "crs": "EPSG:2154"
  },
  "OuvrageVoirieDependance": {
    "attributes": {
      "@class": true,
      "_id": true,
      "_rev": true,
      "author": true,
      "commentaire": true,
      "date_debut": true,
      "designation": true,
      "geometry": true,
      "gestions": true,
      "libelle": true,
      "photos": true,
      "proprietes": true,
      "typeId": true,
      "valid": true
    },
    "style": {
      "default": {
        "color": "#ff33cc",
        "width": "1.0",
        "capstyle": "round",
        "line_style": "solid",
        "joinstyle": "round"
      },
      "point": {
        "name": "circle",
        "color": "#ff33cc"
      }
    },
    "crs": "EPSG:2154"
  },
  "ParcelleVegetation": {
    "attributes": {
      "@class": true,
      "_id": true,
      "_rev": true,
      "author": true,
      "borneDebutId": true,
      "borneFinId": true,
      "borne_debut_aval": true,
      "borne_debut_distance": true,
      "borne_fin_aval": true,
      "borne_fin_distance": true,
      "dateMaj": true,
      "date_debut": true,
      "date_fin": true,
      "designation": true,
      "editedGeoCoordinate": true,
      "foreignParentId": true,
      "geometry": true,
      "geometryMode": true,
      "latitudeMax": true,
      "latitudeMin": true,
      "libelle": true,
      "linearId": true,
      "longitudeMax": true,
      "longitudeMin": true,
      "modeAuto": true,
      "planId": true,
      "planifications": true,
      "positionDebut": true,
      "positionFin": true,
      "prDebut": true,
      "prFin": true,
      "systemeRepId": true,
      "valid": true
    },
    "style": {
      "default": {
        "color": "#ff6699",
        "width": "1.0",
        "capstyle": "square",
        "line_style": "dash",
        "joinstyle": "bevel"
      },
      "point": {
        "name": "cross",
        "color": "#ff6699"
      }
    },
    "crs": "EPSG:2154"
  },
  "PenteLit": {
    "attributes": {
      "@class": true,
      "_id": true,
      "_rev": true,
      "author": true,
      "borneDebutId": true,
      "borneFinId": true,
      "borne_debut_aval": true,
      "borne_debut_distance": true,
      "borne_fin_aval": true,
      "borne_fin_distance": true,
      "commentaire": true,
      "dateMaj": true,
      "date_debut": true,
      "foreignParentId": true,
      "geometryMode": true,
      "latitudeMax": true,
      "latitudeMin": true,
      "linearId": true,
      "longitudeMax": true,
      "longitudeMin": true,
      "penteMoyenne": true,
      "prDebut": true,
      "prFin": true,
      "systemeRepId": true,
      "valid": true
    },
    "style": {
      "default": {
        "color": "#66ff99",
        "width": "1.0",
        "capstyle": "round",
        "line_style": "solid",
        "joinstyle": "round"
      },
      "point": {
        "name": "circle",
        "color": "#66ff99"
      }
    },
    "crs": "EPSG:2154"
  },
  "PeuplementVegetation": {
    "attributes": {
      "@class": true,
      "_id": true,
      "_rev": true,
      "author": true,
      "borneDebutId": true,
      "borneFinId": true,
      "borne_debut_aval": true,
      "borne_debut_distance": true,
      "borne_fin_aval": true,
      "borne_fin_distance": true,
      "contactEau": true,
      "date_debut": true,
      "densite": true,
      "designation": true,
      "diametre": true,
      "distanceDebutMax": true,
      "distanceDebutMin": true,
      "distanceFinMax": true,
      "distanceFinMin": true,
      "explicitGeometry": true,
      "foreignParentId": true,
      "frequenceId": true,
      "geometry": true,
      "geometryMode": true,
      "geometryType": true,
      "hauteur": true,
      "latitudeMax": true,
      "latitudeMin": true,
      "longitudeMax": true,
      "longitudeMin": true,
      "parcelleId": true,
      "positionDebut": true,
      "positionFin": true,
      "prDebut": true,
      "prFin": true,
      "systemeRepId": true,
      "traitement": true,
      "typeCoteId": true,
      "typePositionId": true,
      "typeVegetationId": true,
      "valid": true
    },
    "style": {
      "default": {
        "color": "#0ff100",
        "width": "1.0",
        "capstyle": "square",
        "line_style": "dash",
        "joinstyle": "bevel"
      },
      "point": {
        "name": "cross",
        "color": "#0ff100"
      }
    },
    "crs": "EPSG:2154"
  },
  "PiedBerge": {
    "attributes": {
      "@class": true,
      "_id": true,
      "_rev": true,
      "author": true,
      "borneDebutId": true,
      "borneFinId": true,
      "borne_debut_aval": true,
      "borne_debut_distance": true,
      "borne_fin_aval": true,
      "borne_fin_distance": true,
      "commentaire": true,
      "dateMaj": true,
      "date_debut": true,
      "epaisseur": true,
      "fonctionId": true,
      "foreignParentId": true,
      "geometry": true,
      "geometryMode": true,
      "largeurSabot": true,
      "latitudeMax": true,
      "latitudeMin": true,
      "linearId": true,
      "longitudeMax": true,
      "longitudeMin": true,
      "materiauId": true,
      "natureId": true,
      "numCouche": true,
      "positionDebut": true,
      "positionFin": true,
      "prDebut": true,
      "prFin": true,
      "riveId": true,
      "sourceId": true,
      "systemeRepId": true,
      "valid": true
    },
    "style": {
      "default": {
        "color": "#6699ff",
        "width": "1.0",
        "capstyle": "square",
        "line_style": "dash",
        "joinstyle": "bevel"
      },
      "point": {
        "name": "cross",
        "color": "#6699ff"
      }
    },
    "crs": "EPSG:2154"
  },
  "PiedDigue": {
    "attributes": {
      "@class": true,
      "_id": true,
      "_rev": true,
      "author": true,
      "borneDebutId": true,
      "borneFinId": true,
      "borne_debut_aval": true,
      "borne_debut_distance": true,
      "borne_fin_aval": true,
      "borne_fin_distance": true,
      "commentaire": true,
      "conventionIds": true,
      "coteId": true,
      "dateMaj": true,
      "date_debut": true,
      "designation": true,
      "editedGeoCoordinate": true,
      "fonctionId": true,
      "foreignParentId": true,
      "geometry": true,
      "geometryMode": true,
      "latitudeMax": true,
      "latitudeMin": true,
      "linearId": true,
      "longitudeMax": true,
      "longitudeMin": true,
      "materiauId": true,
      "natureId": true,
      "photos": true,
      "positionDebut": true,
      "positionFin": true,
      "positionId": true,
      "prDebut": true,
      "prFin": true,
      "sourceId": true,
      "systemeRepId": true,
      "valid": true
    },
    "style": {
      "default": {
        "color": "#ccff33",
        "width": "1.0",
        "capstyle": "flat",
        "line_style": "solid",
        "joinstyle": "miter"
      },
      "point": {
        "name": "triangle",
        "color": "#ccff33"
      }
    },
    "crs": "EPSG:2154"
  },
  "PlageDepotLit": {
    "attributes": {
      "@class": true,
      "_id": true,
      "_rev": true,
      "author": true,
      "borneDebutId": true,
      "borneFinId": true,
      "borne_debut_aval": true,
      "borne_debut_distance": true,
      "borne_fin_aval": true,
      "borne_fin_distance": true,
      "coteAlerte": true,
      "coteFond": true,
      "dateMaj": true,
      "date_debut": true,
      "elementAssocie": true,
      "elementAssocieFermeture": true,
      "foreignParentId": true,
      "hauteur": true,
      "largeurEnCrete": true,
      "largeurMax": true,
      "latitudeMax": true,
      "latitudeMin": true,
      "linearId": true,
      "longitudeMax": true,
      "longitudeMin": true,
      "longueur": true,
      "penteAVide": true,
      "prDebut": true,
      "prFin": true,
      "sourceId": true,
      "systemeRepId": true,
      "typeElementAssocieFermetureId": true,
      "typeElementAssocieId": true,
      "typeFermetureId": true,
      "valid": true,
      "volumeStockage": true
    },
    "style": {
      "default": {
        "color": "#33ccff",
        "width": "1.0",
        "capstyle": "round",
        "line_style": "solid",
        "joinstyle": "round"
      },
      "point": {
        "name": "circle",
        "color": "#33ccff"
      }
    },
    "crs": "EPSG:2154"
  },
  "PositionConvention": {
    "attributes": {
      "@class": true,
      "_id": true,
      "_rev": true,
      "author": true,
      "borneDebutId": true,
      "borneFinId": true,
      "borne_debut_aval": true,
      "borne_debut_distance": true,
      "borne_fin_aval": true,
      "borne_fin_distance": true,
      "commentaire": true,
      "date_debut": true,
      "designation": true,
      "editedGeoCoordinate": true,
      "foreignParentId": true,
      "geometry": true,
      "geometryMode": true,
      "latitudeMax": true,
      "latitudeMin": true,
      "linearId": true,
      "longitudeMax": true,
      "longitudeMin": true,
      "objetId": true,
      "positionDebut": true,
      "positionFin": true,
      "prDebut": true,
      "prFin": true,
      "sirsdocument": true,
      "systemeRepId": true,
      "valid": true
    },
    "style": {
      "default": {
        "color": "#ff1000",
        "width": "1.0",
        "capstyle": "square",
        "line_style": "solid",
        "joinstyle": "bevel"
      },
      "point": {
        "name": "square",
        "color": "#ff1000"
      }
    },
    "crs": "EPSG:2154"
  },
  "PositionDocument": {
    "attributes": {
      "@class": true,
      "_id": true,
      "_rev": true,
      "author": true,
      "borneDebutId": true,
      "borneFinId": true,
      "borne_debut_aval": true,
      "borne_debut_distance": true,
      "borne_fin_aval": true,
      "borne_fin_distance": true,
      "commentaire": true,
      "designation": true,
      "editedGeoCoordinate": true,
      "foreignParentId": true,
      "geometry": true,
      "geometryMode": true,
      "latitudeMax": true,
      "latitudeMin": true,
      "linearId": true,
      "longitudeMax": true,
      "longitudeMin": true,
      "positionDebut": true,
      "positionFin": true,
      "prDebut": true,
      "prFin": true,
      "sirsdocument": true,
      "systemeRepId": true,
      "valid": true
    },
    "style": {
      "default": {
        "color": "#ff0100",
        "width": "1.0",
        "capstyle": "square",
        "line_style": "solid",
        "joinstyle": "bevel"
      },
      "point": {
        "name": "square",
        "color": "#ff0100"
      }
    },
    "crs": "EPSG:2154"
  },
  "PositionProfilTravers": {
    "attributes": {
      "@class": true,
      "_id": true,
      "_rev": true,
      "author": true,
      "borneDebutId": true,
      "borneFinId": true,
      "borne_debut_aval": true,
      "borne_debut_distance": true,
      "borne_fin_aval": true,
      "borne_fin_distance": true,
      "commentaire": true,
      "designation": true,
      "editMode": true,
      "editedGeoCoordinate": true,
      "foreignParentId": true,
      "geometry": true,
      "latitudeMax": true,
      "latitudeMin": true,
      "levePositionIds": true,
      "linearId": true,
      "longitudeMax": true,
      "longitudeMin": true,
      "photos": true,
      "positionDebut": true,
      "positionFin": true,
      "prDebut": true,
      "prFin": true,
      "sirsdocument": true,
      "systemeRepId": true,
      "valid": true
    },
    "style": {
      "default": {
        "color": "#ff33cc",
        "width": "1.0",
        "capstyle": "square",
        "line_style": "solid",
        "joinstyle": "bevel"
      },
      "point": {
        "name": "square",
        "color": "#ff33cc"
      }
    },
    "crs": "EPSG:2154"
  },
  "Prestation": {
    "attributes": {
      "@class": true,
      "_id": true,
      "_rev": true,
      "author": true,
      "borneDebutId": true,
      "borneFinId": true,
      "borne_debut_aval": true,
      "borne_debut_distance": true,
      "borne_fin_aval": true,
      "borne_fin_distance": true,
      "commentaire": true,
      "conventionIds": true,
      "coteId": true,
      "coutGlobal": true,
      "coutMetre": true,
      "dateMaj": true,
      "date_debut": true,
      "date_fin": true,
      "designation": true,
      "desordreIds": true,
      "documentGrandeEchelleIds": true,
      "echelleLimnimetriqueIds": true,
      "editedGeoCoordinate": true,
      "evenementHydrauliqueIds": true,
      "foreignParentId": true,
      "geometry": true,
      "geometryMode": true,
      "intervenantsIds": true,
      "latitudeMax": true,
      "latitudeMin": true,
      "libelle": true,
      "linearId": true,
      "longitudeMax": true,
      "longitudeMin": true,
      "marcheId": true,
      "observations": true,
      "ouvertureBatardableIds": true,
      "ouvrageFranchissementIds": true,
      "ouvrageHydrauliqueAssocieIds": true,
      "ouvrageParticulierIds": true,
      "ouvrageTelecomEnergieIds": true,
      "ouvrageVoirieIds": true,
      "photos": true,
      "positionDebut": true,
      "positionFin": true,
      "positionId": true,
      "prDebut": true,
      "prFin": true,
      "rapportEtudeIds": true,
      "realisationInterne": true,
      "reseauHydrauliqueCielOuvertIds": true,
      "reseauHydrauliqueFermeIds": true,
      "reseauTelecomEnergieIds": true,
      "sourceId": true,
      "stationPompageIds": true,
      "systemeRepId": true,
      "typePrestationId": true,
      "valid": true,
      "voieAccesIds": true,
      "voieDigueIds": true,
      "voiedDigueIds": true
    },
    "style": {
      "default": {
        "color": "#99ff66",
        "width": "1.0",
        "capstyle": "square",
        "line_style": "solid",
        "joinstyle": "bevel"
      },
      "point": {
        "name": "square",
        "color": "#99ff66"
      }
    },
    "crs": "EPSG:2154"
  },
  "ProfilLong": {
    "attributes": {
      "@class": true,
      "_id": true,
      "_rev": true,
      "author": true,
      "borneDebutId": true,
      "borneFinId": true,
      "borne_debut_aval": true,
      "borne_debut_distance": true,
      "borne_fin_aval": true,
      "borne_fin_distance": true,
      "chemin": true,
      "commentaire": true,
      "coteId": true,
      "dateLeve": true,
      "dateMaj": true,
      "designation": true,
      "editedGeoCoordinate": true,
      "foreignParentId": true,
      "geometry": true,
      "geometryMode": true,
      "latitudeMax": true,
      "latitudeMin": true,
      "libelle": true,
      "linearId": true,
      "longitudeMax": true,
      "longitudeMin": true,
      "organismeCreateurId": true,
      "origineProfilLongId": true,
      "pointsLeveDZ": true,
      "positionDebut": true,
      "positionFin": true,
      "positionId": true,
      "positionProfilLongSurDigueId": true,
      "prDebut": true,
      "prFin": true,
      "rapportEtudeId": true,
      "systemeRepDzId": true,
      "systemeRepId": true,
      "typeSystemesReleveId": true,
      "valid": true
    },
    "style": {
      "default": {
        "color": "#ff6699",
        "width": "1.0",
        "capstyle": "square",
        "line_style": "solid",
        "joinstyle": "bevel"
      },
      "point": {
        "name": "square",
        "color": "#ff6699"
      }
    },
    "crs": "EPSG:2154"
  },
  "ProprieteTroncon": {
    "attributes": {
      "@class": true,
      "_id": true,
      "_rev": true,
      "author": true,
      "borneDebutId": true,
      "borneFinId": true,
      "borne_debut_aval": true,
      "borne_debut_distance": true,
      "borne_fin_aval": true,
      "borne_fin_distance": true,
      "contactId": true,
      "coteId": true,
      "dateMaj": true,
      "date_debut": true,
      "date_fin": true,
      "designation": true,
      "editedGeoCoordinate": true,
      "foreignParentId": true,
      "geometry": true,
      "geometryMode": true,
      "latitudeMax": true,
      "latitudeMin": true,
      "linearId": true,
      "longitudeMax": true,
      "longitudeMin": true,
      "organismeId": true,
      "positionDebut": true,
      "positionFin": true,
      "prDebut": true,
      "prFin": true,
      "systemeRepId": true,
      "typeProprietaireId": true,
      "valid": true
    },
    "style": {
      "default": {
        "color": "#ff9966",
        "width": "1.0",
        "capstyle": "square",
        "line_style": "solid",
        "joinstyle": "bevel"
      },
      "point": {
        "name": "square",
        "color": "#ff9966"
      }
    },
    "crs": "EPSG:2154"
  },
  "RegimeEcoulementLit": {
    "attributes": {
      "@class": true,
      "_id": true,
      "_rev": true,
      "author": true,
      "borneDebutId": true,
      "borneFinId": true,
      "borne_debut_aval": true,
      "borne_debut_distance": true,
      "borne_fin_aval": true,
      "borne_fin_distance": true,
      "commentaire": true,
      "dateMaj": true,
      "date_debut": true,
      "foreignParentId": true,
      "geometryMode": true,
      "latitudeMax": true,
      "latitudeMin": true,
      "linearId": true,
      "longitudeMax": true,
      "longitudeMin": true,
      "prDebut": true,
      "prFin": true,
      "regimeId": true,
      "systemeRepId": true,
      "valid": true
    },
    "style": {
      "default": {
        "color": "#0ff100",
        "width": "1.0",
        "capstyle": "round",
        "line_style": "solid",
        "joinstyle": "round"
      },
      "point": {
        "name": "circle",
        "color": "#0ff100"
      }
    },
    "crs": "EPSG:2154"
  },
  "ReseauHydrauliqueCielOuvert": {
    "attributes": {
      "@class": true,
      "_attachments": true,
      "_id": true,
      "_rev": true,
      "author": true,
      "borneDebutId": true,
      "borneFinId": true,
      "borne_debut_aval": true,
      "borne_debut_distance": true,
      "borne_fin_aval": true,
      "borne_fin_distance": true,
      "commentaire": true,
      "conventionIds": true,
      "coteId": true,
      "dateMaj": true,
      "date_debut": true,
      "designation": true,
      "desordreIds": true,
      "editedGeoCoordinate": true,
      "foreignParentId": true,
      "geometry": true,
      "geometryMode": true,
      "gestions": true,
      "latitudeMax": true,
      "latitudeMin": true,
      "libelle": true,
      "linearId": true,
      "longitudeMax": true,
      "longitudeMin": true,
      "observations": true,
      "photos": true,
      "positionDebut": true,
      "positionFin": true,
      "positionId": true,
      "prDebut": true,
      "prFin": true,
      "prestationIds": true,
      "proprietes": true,
      "reseauHydrauliqueFermeIds": true,
      "sourceId": true,
      "systemeRepId": true,
      "typeReseauHydroCielOuvertId": true,
      "valid": true
    },
    "style": {
      "default": {
        "color": "#33ccff",
        "width": "1.0",
        "capstyle": "square",
        "line_style": "solid",
        "joinstyle": "bevel"
      },
      "point": {
        "name": "square",
        "color": "#33ccff"
      }
    },
    "crs": "EPSG:2154"
  },
  "ReseauHydrauliqueFerme": {
    "attributes": {
      "@class": true,
      "_attachments": true,
      "_id": true,
      "_rev": true,
      "author": true,
      "autorise": true,
      "borneDebutId": true,
      "borneDebutLibelle": true,
      "borneFinId": true,
      "borneFinLibelle": true,
      "borne_debut_aval": true,
      "borne_debut_distance": true,
      "borne_fin_aval": true,
      "borne_fin_distance": true,
      "commentaire": true,
      "conventionIds": true,
      "coteId": true,
      "dateMaj": true,
      "date_debut": true,
      "date_fin": true,
      "designation": true,
      "desordreIds": true,
      "diametre": true,
      "ecoulementId": true,
      "editMode": true,
      "editedGeoCoordinate": true,
      "foreignParentId": true,
      "geometry": true,
      "geometryMode": true,
      "gestions": true,
      "implantationId": true,
      "latitudeMax": true,
      "latitudeMin": true,
      "libelle": true,
      "linearId": true,
      "linearId2": true,
      "longitudeMax": true,
      "longitudeMin": true,
      "observations": true,
      "ouvrageHydrauliqueAssocieIds": true,
      "photos": true,
      "positionDebut": true,
      "positionFin": true,
      "positionId": true,
      "prDebut": true,
      "prFin": true,
      "prestationIds": true,
      "proprietes": true,
      "reseauHydrauliqueCielOuvertIds": true,
      "sourceId": true,
      "stationPompageIds": true,
      "systemeRepId": true,
      "typeConduiteFermeeId": true,
      "utilisationConduiteId": true,
      "valid": true
    },
    "style": {
      "default": {
        "color": "#6699ff",
        "width": "1.0",
        "capstyle": "square",
        "line_style": "solid",
        "joinstyle": "bevel"
      },
      "point": {
        "name": "square",
        "color": "#6699ff"
      }
    },
    "crs": "EPSG:2154"
  },
  "ReseauTelecomEnergie": {
    "attributes": {
      "@class": true,
      "_attachments": true,
      "_id": true,
      "_rev": true,
      "author": true,
      "borneDebutId": true,
      "borneFinId": true,
      "borne_debut_aval": true,
      "borne_debut_distance": true,
      "borne_fin_aval": true,
      "borne_fin_distance": true,
      "commentaire": true,
      "conventionIds": true,
      "coteId": true,
      "dateMaj": true,
      "date_debut": true,
      "date_fin": true,
      "designation": true,
      "desordreIds": true,
      "editedGeoCoordinate": true,
      "foreignParentId": true,
      "geometry": true,
      "geometryMode": true,
      "gestions": true,
      "hauteur": true,
      "implantationId": true,
      "latitudeMax": true,
      "latitudeMin": true,
      "libelle": true,
      "linearId": true,
      "longitudeMax": true,
      "longitudeMin": true,
      "observations": true,
      "ouvrageTelecomEnergieIds": true,
      "photos": true,
      "positionDebut": true,
      "positionFin": true,
      "positionId": true,
      "prDebut": true,
      "prFin": true,
      "prestationIds": true,
      "sourceId": true,
      "systemeRepId": true,
      "typeReseauTelecomEnergieId": true,
      "valid": true
    },
    "style": {
      "default": {
        "color": "#1000ff",
        "width": "1.0",
        "capstyle": "square",
        "line_style": "solid",
        "joinstyle": "bevel"
      },
      "point": {
        "name": "square",
        "color": "#1000ff"
      }
    },
    "crs": "EPSG:2154"
  },
  "SeuilLit": {
    "attributes": {
      "@class": true,
      "_id": true,
      "_rev": true,
      "anneeConstruction": true,
      "author": true,
      "bergeIds": true,
      "borneDebutId": true,
      "borneFinId": true,
      "borne_debut_aval": true,
      "borne_debut_distance": true,
      "borne_fin_aval": true,
      "borne_fin_distance": true,
      "commentaire": true,
      "commune": true,
      "dateMaj": true,
      "date_debut": true,
      "designation": true,
      "desordreIds": true,
      "digueIds": true,
      "echelleLimnimetriqueIds": true,
      "editedGeoCoordinate": true,
      "fonctionSeuilId": true,
      "foreignParentId": true,
      "geometrieCreteId": true,
      "geometry": true,
      "geometryMode": true,
      "gestions": true,
      "hauteurChute": true,
      "largeurEnCrete": true,
      "latitudeMax": true,
      "latitudeMin": true,
      "libelle": true,
      "linearId": true,
      "longitudeMax": true,
      "longitudeMin": true,
      "longueurCoursier": true,
      "longueurTotale": true,
      "materiauPrincipalA": true,
      "materiauPrincipalB": true,
      "ouvrageFranchissementIds": true,
      "ouvrageHydrauliqueAssocieIds": true,
      "ouvrageParticulierIds": true,
      "ouvrageTelecomEnergieIds": true,
      "ouvrageVoirieIds": true,
      "passePoisson": true,
      "passeSportEauVive": true,
      "penteRampant": true,
      "positionDebut": true,
      "positionFin": true,
      "positionSeuilId": true,
      "prDebut": true,
      "prFin": true,
      "profilCoursierId": true,
      "proprietes": true,
      "reseauHydrauliqueCielOuvertIds": true,
      "reseauHydrauliqueFermeIds": true,
      "reseauTelecomEnergieIds": true,
      "stationPompageIds": true,
      "surfaceRempantEntretien": true,
      "systemeRepId": true,
      "valid": true,
      "voieAccesIds": true,
      "voieDigueIds": true
    },
    "style": {
      "default": {
        "color": "#6699ff",
        "width": "1.0",
        "capstyle": "round",
        "line_style": "solid",
        "joinstyle": "round"
      },
      "point": {
        "name": "circle",
        "color": "#6699ff"
      }
    },
    "crs": "EPSG:2154"
  },
  "SommetBerge": {
    "attributes": {
      "@class": true,
      "_id": true,
      "_rev": true,
      "author": true,
      "borneDebutId": true,
      "borneFinId": true,
      "borne_debut_aval": true,
      "borne_debut_distance": true,
      "borne_fin_aval": true,
      "borne_fin_distance": true,
      "commentaire": true,
      "dateMaj": true,
      "date_debut": true,
      "fonctionId": true,
      "foreignParentId": true,
      "geometry": true,
      "geometryMode": true,
      "latitudeMax": true,
      "latitudeMin": true,
      "linearId": true,
      "longitudeMax": true,
      "longitudeMin": true,
      "materiauId": true,
      "natureId": true,
      "natureSolId": true,
      "numCouche": true,
      "positionDebut": true,
      "positionFin": true,
      "prDebut": true,
      "prFin": true,
      "presenceRipisylve": true,
      "riveId": true,
      "systemeRepId": true,
      "valid": true
    },
    "style": {
      "default": {
        "color": "#1000ff",
        "width": "1.0",
        "capstyle": "square",
        "line_style": "dash",
        "joinstyle": "bevel"
      },
      "point": {
        "name": "cross",
        "color": "#1000ff"
      }
    },
    "crs": "EPSG:2154"
  },
  "SommetRisberme": {
    "attributes": {
      "@class": true,
      "_id": true,
      "_rev": true,
      "author": true,
      "borneDebutId": true,
      "borneFinId": true,
      "borne_debut_aval": true,
      "borne_debut_distance": true,
      "borne_fin_aval": true,
      "borne_fin_distance": true,
      "commentaire": true,
      "conventionIds": true,
      "coteId": true,
      "dateMaj": true,
      "date_debut": true,
      "date_fin": true,
      "designation": true,
      "editedGeoCoordinate": true,
      "epaisseur": true,
      "fonctionId": true,
      "foreignParentId": true,
      "geometry": true,
      "geometryMode": true,
      "latitudeMax": true,
      "latitudeMin": true,
      "linearId": true,
      "longitudeMax": true,
      "longitudeMin": true,
      "materiauId": true,
      "natureId": true,
      "numCouche": true,
      "photos": true,
      "positionDebut": true,
      "positionFin": true,
      "positionId": true,
      "prDebut": true,
      "prFin": true,
      "sourceId": true,
      "systemeRepId": true,
      "valid": true
    },
    "style": {
      "default": {
        "color": "#6699ff",
        "width": "1.0",
        "capstyle": "flat",
        "line_style": "solid",
        "joinstyle": "miter"
      },
      "point": {
        "name": "triangle",
        "color": "#6699ff"
      }
    },
    "crs": "EPSG:2154"
  },
  "StationPompage": {
    "attributes": {
      "@class": true,
      "_id": true,
      "_rev": true,
      "author": true,
      "borneDebutId": true,
      "borneFinId": true,
      "borne_debut_aval": true,
      "borne_debut_distance": true,
      "borne_fin_aval": true,
      "borne_fin_distance": true,
      "commentaire": true,
      "conventionIds": true,
      "coteId": true,
      "dateMaj": true,
      "date_debut": true,
      "date_fin": true,
      "designation": true,
      "desordreIds": true,
      "editedGeoCoordinate": true,
      "foreignParentId": true,
      "geometry": true,
      "geometryMode": true,
      "gestions": true,
      "latitudeMax": true,
      "latitudeMin": true,
      "libelle": true,
      "linearId": true,
      "longitudeMax": true,
      "longitudeMin": true,
      "observations": true,
      "photos": true,
      "positionDebut": true,
      "positionFin": true,
      "positionId": true,
      "prDebut": true,
      "prFin": true,
      "prestationIds": true,
      "proprietes": true,
      "reseauHydrauliqueFermeIds": true,
      "sourceId": true,
      "systemeRepId": true,
      "valid": true
    },
    "style": {
      "default": {
        "color": "#ff1000",
        "width": "1.0",
        "capstyle": "flat",
        "line_style": "solid",
        "joinstyle": "miter"
      },
      "point": {
        "name": "triangle",
        "color": "#ff1000"
      }
    },
    "crs": "EPSG:2154"
  },
  "TalusBerge": {
    "attributes": {
      "@class": true,
      "_id": true,
      "_rev": true,
      "author": true,
      "borneDebutId": true,
      "borneFinId": true,
      "borne_debut_aval": true,
      "borne_debut_distance": true,
      "borne_fin_aval": true,
      "borne_fin_distance": true,
      "commentaire": true,
      "dateMaj": true,
      "date_debut": true,
      "fonctionBasId": true,
      "fonctionHautId": true,
      "foreignParentId": true,
      "geometry": true,
      "geometryMode": true,
      "hauteur": true,
      "latitudeMax": true,
      "latitudeMin": true,
      "linearId": true,
      "longitudeMax": true,
      "longitudeMin": true,
      "longueurRampantBas": true,
      "longueurRampantHaut": true,
      "materiauBasId": true,
      "materiauHautId": true,
      "natureBasId": true,
      "natureHautId": true,
      "numCouche": true,
      "penteInterieure": true,
      "positionDebut": true,
      "positionFin": true,
      "prDebut": true,
      "prFin": true,
      "riveId": true,
      "systemeRepId": true,
      "valid": true
    },
    "style": {
      "default": {
        "color": "#9966ff",
        "width": "1.0",
        "capstyle": "square",
        "line_style": "dash",
        "joinstyle": "bevel"
      },
      "point": {
        "name": "cross",
        "color": "#9966ff"
      }
    },
    "crs": "EPSG:2154"
  },
  "TalusDigue": {
    "attributes": {
      "@class": true,
      "_id": true,
      "_rev": true,
      "author": true,
      "borneDebutId": true,
      "borneFinId": true,
      "borne_debut_aval": true,
      "borne_debut_distance": true,
      "borne_fin_aval": true,
      "borne_fin_distance": true,
      "commentaire": true,
      "conventionIds": true,
      "coteId": true,
      "dateMaj": true,
      "date_debut": true,
      "date_fin": true,
      "designation": true,
      "editedGeoCoordinate": true,
      "epaisseurSommet": true,
      "fonctionBasId": true,
      "fonctionHautId": true,
      "foreignParentId": true,
      "geometry": true,
      "geometryMode": true,
      "latitudeMax": true,
      "latitudeMin": true,
      "linearId": true,
      "longitudeMax": true,
      "longitudeMin": true,
      "longueurRampantBas": true,
      "longueurRampantHaut": true,
      "materiauBasId": true,
      "materiauHautId": true,
      "natureBasId": true,
      "natureHautId": true,
      "numCouche": true,
      "penteInterieure": true,
      "photos": true,
      "positionDebut": true,
      "positionFin": true,
      "positionId": true,
      "prDebut": true,
      "prFin": true,
      "sourceId": true,
      "systemeRepId": true,
      "valid": true
    },
    "style": {
      "default": {
        "color": "#99ff66",
        "width": "1.0",
        "capstyle": "flat",
        "line_style": "solid",
        "joinstyle": "miter"
      },
      "point": {
        "name": "triangle",
        "color": "#99ff66"
      }
    },
    "crs": "EPSG:2154"
  },
  "TalusRisberme": {
    "attributes": {
      "@class": true,
      "_id": true,
      "_rev": true,
      "author": true,
      "borneDebutId": true,
      "borneFinId": true,
      "borne_debut_aval": true,
      "borne_debut_distance": true,
      "borne_fin_aval": true,
      "borne_fin_distance": true,
      "commentaire": true,
      "conventionIds": true,
      "coteId": true,
      "dateMaj": true,
      "date_debut": true,
      "designation": true,
      "editedGeoCoordinate": true,
      "epaisseurSommet": true,
      "fonctionBasId": true,
      "fonctionHautId": true,
      "foreignParentId": true,
      "geometry": true,
      "geometryMode": true,
      "latitudeMax": true,
      "latitudeMin": true,
      "linearId": true,
      "longitudeMax": true,
      "longitudeMin": true,
      "longueurRampantBas": true,
      "longueurRampantHaut": true,
      "materiauBasId": true,
      "materiauHautId": true,
      "natureBasId": true,
      "natureHautId": true,
      "numCouche": true,
      "penteInterieure": true,
      "photos": true,
      "positionDebut": true,
      "positionFin": true,
      "positionId": true,
      "prDebut": true,
      "prFin": true,
      "sourceId": true,
      "systemeRepId": true,
      "valid": true
    },
    "style": {
      "default": {
        "color": "#66ff99",
        "width": "1.0",
        "capstyle": "flat",
        "line_style": "solid",
        "joinstyle": "miter"
      },
      "point": {
        "name": "triangle",
        "color": "#66ff99"
      }
    },
    "crs": "EPSG:2154"
  },
  "TalusRisbermeBerge": {
    "attributes": {
      "@class": true,
      "_id": true,
      "_rev": true,
      "approximatePositionDebut": true,
      "approximatePositionFin": true,
      "author": true,
      "borneDebutId": true,
      "borneFinId": true,
      "borne_debut_aval": true,
      "borne_debut_distance": true,
      "borne_fin_aval": true,
      "borne_fin_distance": true,
      "commentaire": true,
      "coteId": true,
      "dateMaj": true,
      "date_debut": true,
      "date_fin": true,
      "designation": true,
      "editedGeoCoordinate": true,
      "epaisseurSommet": true,
      "fonctionBasId": true,
      "fonctionHautId": true,
      "geometry": true,
      "geometryMode": true,
      "latitudeMax": true,
      "latitudeMin": true,
      "linearId": true,
      "longitudeMax": true,
      "longitudeMin": true,
      "longueurRampantBas": true,
      "longueurRampantHaut": true,
      "materiauBasId": true,
      "materiauHautId": true,
      "natureBasId": true,
      "natureHautId": true,
      "newAttribute": true,
      "numCouche": true,
      "penteInterieure": true,
      "photos": true,
      "positionDebut": true,
      "positionFin": true,
      "prDebut": true,
      "prFin": true,
      "sourceId": true,
      "systemeRepId": true,
      "valid": true
    },
    "style": {
      "default": {
        "color": "#99ff66",
        "width": "1.0",
        "capstyle": "square",
        "line_style": "dash",
        "joinstyle": "bevel"
      },
      "point": {
        "name": "cross",
        "color": "#99ff66"
      }
    },
    "crs": "EPSG:2154"
  },
  "TraitBerge": {
    "attributes": {
      "@class": true,
      "_id": true,
      "_rev": true,
      "author": true,
      "bergeId": true,
      "date_debut": true,
      "date_fin": true,
      "geometry": true,
      "valid": true
    },
    "style": {
      "default": {
        "color": "#33ccff",
        "width": "1.0",
        "capstyle": "square",
        "line_style": "dash",
        "joinstyle": "bevel"
      },
      "point": {
        "name": "cross",
        "color": "#33ccff"
      }
    },
    "crs": "EPSG:2154"
  },
  "TronconDigue": {
    "attributes": {
      "@class": true,
      "_id": true,
      "_rev": true,
      "author": true,
      "borneIds": true,
      "commentaire": true,
      "dateMaj": true,
      "date_debut": true,
      "date_fin": true,
      "designation": true,
      "digueId": true,
      "geometry": true,
      "gestions": true,
      "libelle": true,
      "positionId": true,
      "systemeRepDefautId": true,
      "systemeReperageIds": true,
      "tronconId": true,
      "typeRiveId": true,
      "typeTronconId": true,
      "valid": true
    },
    "style": {
      "default": {
        "color": "#0100ff",
        "width": "1.0",
        "capstyle": "flat",
        "line_style": "solid",
        "joinstyle": "miter"
      },
      "point": {
        "name": "triangle",
        "color": "#0100ff"
      }
    },
    "crs": "EPSG:2154"
  },
  "TronconLit": {
    "attributes": {
      "@class": true,
      "_id": true,
      "_rev": true,
      "author": true,
      "borneIds": true,
      "commentaire": true,
      "dateMaj": true,
      "date_debut": true,
      "designation": true,
      "digueId": true,
      "geometry": true,
      "libelle": true,
      "litId": true,
      "systemeRepDefautId": true,
      "typeRiveId": true,
      "typeTronconId": true,
      "valid": true
    },
    "style": {
      "default": {
        "color": "#0100ff",
        "width": "1.0",
        "capstyle": "round",
        "line_style": "solid",
        "joinstyle": "round"
      },
      "point": {
        "name": "circle",
        "color": "#0100ff"
      }
    },
    "crs": "EPSG:2154"
  },
  "VoieAcces": {
    "attributes": {
      "@class": true,
      "_id": true,
      "_rev": true,
      "author": true,
      "borneDebutId": true,
      "borneFinId": true,
      "borne_debut_aval": true,
      "borne_debut_distance": true,
      "borne_fin_aval": true,
      "borne_fin_distance": true,
      "commentaire": true,
      "conventionIds": true,
      "coteId": true,
      "crueSubmersionIds": true,
      "dateMaj": true,
      "date_debut": true,
      "designation": true,
      "desordreIds": true,
      "editedGeoCoordinate": true,
      "foreignParentId": true,
      "geometry": true,
      "geometryMode": true,
      "gestions": true,
      "largeur": true,
      "latitudeMax": true,
      "latitudeMin": true,
      "libelle": true,
      "linearId": true,
      "longitudeMax": true,
      "longitudeMin": true,
      "materiauId": true,
      "numeroSecteur": true,
      "observations": true,
      "ouvrageFranchissementIds": true,
      "photos": true,
      "positionDebut": true,
      "positionFin": true,
      "positionId": true,
      "prDebut": true,
      "prFin": true,
      "prestationIds": true,
      "sourceId": true,
      "systemeRepId": true,
      "usageId": true,
      "valid": true
    },
    "style": {
      "default": {
        "color": "#ff9966",
        "width": "1.0",
        "capstyle": "flat",
        "line_style": "solid",
        "joinstyle": "miter"
      },
      "point": {
        "name": "triangle",
        "color": "#ff9966"
      }
    },
    "crs": "EPSG:2154"
  },
  "VoieDigue": {
    "attributes": {
      "@class": true,
      "TypeVoieDigueId": true,
      "_id": true,
      "_rev": true,
      "author": true,
      "borneDebutId": true,
      "borneFinId": true,
      "borne_debut_aval": true,
      "borne_debut_distance": true,
      "borne_fin_aval": true,
      "borne_fin_distance": true,
      "commentaire": true,
      "conventionIds": true,
      "coteId": true,
      "crueSubmersionIds": true,
      "dateMaj": true,
      "date_debut": true,
      "date_fin": true,
      "designation": true,
      "desordreIds": true,
      "editedGeoCoordinate": true,
      "foreignParentId": true,
      "geometry": true,
      "geometryMode": true,
      "gestions": true,
      "largeur": true,
      "latitudeMax": true,
      "latitudeMin": true,
      "libelle": true,
      "linearId": true,
      "longitudeMax": true,
      "longitudeMin": true,
      "observations": true,
      "ouvrageFranchissementIds": true,
      "photos": true,
      "positionDebut": true,
      "positionFin": true,
      "positionId": true,
      "prDebut": true,
      "prFin": true,
      "prestationIds": true,
      "proprietes": true,
      "revetementId": true,
      "sourceId": true,
      "systemeRepId": true,
      "typeVoieDigueId": true,
      "usageId": true,
      "valid": true
    },
    "style": {
      "default": {
        "color": "#ff0100",
        "width": "1.0",
        "capstyle": "flat",
        "line_style": "solid",
        "joinstyle": "miter"
      },
      "point": {
        "name": "triangle",
        "color": "#ff0100"
      }
    },
    "crs": "EPSG:2154"
  },
  "ZoneAtterrissementLit": {
    "attributes": {
      "@class": true,
      "_id": true,
      "_rev": true,
      "author": true,
      "borneDebutId": true,
      "borneFinId": true,
      "borne_debut_aval": true,
      "borne_debut_distance": true,
      "borne_fin_aval": true,
      "borne_fin_distance": true,
      "commentaire": true,
      "dateMaj": true,
      "date_debut": true,
      "foreignParentId": true,
      "geometry": true,
      "geometryMode": true,
      "latitudeMax": true,
      "latitudeMin": true,
      "linearId": true,
      "longitudeMax": true,
      "longitudeMin": true,
      "positionDebut": true,
      "positionFin": true,
      "prDebut": true,
      "prFin": true,
      "systemeRepId": true,
      "typeId": true,
      "valid": true
    },
    "style": {
      "default": {
        "color": "#ccff33",
        "width": "1.0",
        "capstyle": "round",
        "line_style": "solid",
        "joinstyle": "round"
      },
      "point": {
        "name": "circle",
        "color": "#ccff33"
      }
    },
    "crs": "EPSG:2154"
  }
}