{
  "Desordre": {
    "attributes": {
      "@class": true,
      "_id": true,
      "_rev": true,
      "borneDebutId": true,
      "borneFinId": true,
      "borne_debut_aval": true,
      "borne_debut_distance": true,
      "borne_fin_aval": true,
      "borne_fin_distance": true,
      "commentaire": true,
      "coteId": true,
      "date_debut": true,
      "date_fin": true,
      "designation": true,
      "editedGeoCoordinate": true,
      "foreignParentId": true,
      "geometry": true,
      "latitudeMax": true,
      "latitudeMin": true,
      "lieuDit": true,
      "linearId": true,
      "longitudeMax": true,
      "longitudeMin": true,
      "observations": true,
      "positionDebut": true,
      "positionFin": true,
      "positionId": true,
      "prDebut": true,
      "prFin": true,
      "prestationIds": true,
      "sourceId": true,
      "systemeRepId": true,
      "typeDesordreId": true,
      "valid": true,
      "voieDigueIds": true
    },
    "style": {
      "default": {
        "color": "#000000",
        "width": "1.0",
        "capstyle": "round"
      },
      "point": {
        "name": "triangle",
        "color": "#000000"
      }
    },
    "crs": "EPSG:2154"
  },
  "TronconDigue": {
    "attributes": {
      "@class": true,
      "_id": true,
      "_rev": true,
      "borneIds": true,
      "date_debut": true,
      "designation": true,
      "digueId": true,
      "geometry": true,
      "libelle": true,
      "systemeRepDefautId": true,
      "typeRiveId": true,
      "valid": true
    },
    "style": {
      "default": {
        "color": "#ff0000",
        "width": "1.0",
        "capstyle": "round"
      },
      "point": {
        "name": "triangle",
        "color": "#ff0000"
      }
    },
    "crs": "EPSG:2154"
  },
  "TronconLit": {
    "attributes": {
      "@class": true,
      "_id": true,
      "_rev": true,
      "author": true,
      "borneIds": true,
      "dateMaj": true,
      "date_debut": true,
      "geometry": true,
      "libelle": true,
      "systemeRepDefautId": true,
      "valid": true
    },
    "style": {
      "default": {
        "capstyle": "round",
        "customdash": "5;2",
        "customdash_map_unit_scale": "3x:0,0,0,0,0,0",
        "customdash_unit": "MM",
        "draw_inside_polygon": "0",
        "joinstyle": "bevel",
        "line_color": "0,255,0,255",
        "line_style": "solid",
        "line_width": "1",
        "line_width_unit": "MM",
        "offset": "0",
        "offset_map_unit_scale": "3x:0,0,0,0,0,0",
        "offset_unit": "MM",
        "ring_filter": "0",
        "use_custom_dash": "0",
        "width_map_unit_scale": "3x:0,0,0,0,0,0"
      },
      "point": {
        "angle": "0",
        "color": "0,255,0,255",
        "horizontal_anchor_point": "1",
        "joinstyle": "bevel",
        "name": "triangle",
        "offset": "0,0",
        "offset_map_unit_scale": "3x:0,0,0,0,0,0",
        "offset_unit": "MM",
        "outline_color": "35,35,35,255",
        "outline_style": "solid",
        "outline_width": "0",
        "outline_width_map_unit_scale": "3x:0,0,0,0,0,0",
        "outline_width_unit": "MM",
        "scale_method": "diameter",
        "size": "2",
        "size_map_unit_scale": "3x:0,0,0,0,0,0",
        "size_unit": "MM",
        "vertical_anchor_point": "1"
      }
    },
    "crs": "EPSG:2154"
  }
}