{
  "LargeurFrancBord": {
    "newAttribute": "@new Attribute",
    "longitudeMin": "Longitude min",
    "classPlural": "Largeur de franc bords",
    "photos": "Photos",
    "borne_fin_distance": "Distance (borne fin)",
    "date_fin": "Date de fin",
    "gestions": "Gestionnaires",
    "troncon": "Tronçon",
    "geometryMode": "@geometry Mode",
    "positionDebut": "Position de début",
    "typeLargeurFrancBord": "Type de largeur de franc-bord",
    "photo": "Photo",
    "author": "Auteur",
    "prDebut": "PR de début",
    "borne_debut_aval": "En amont de la borne de début",
    "class": "Largeur de franc bord",
    "borneFinId": "Borne de fin",
    "geometry": "Géométrie",
    "conventionIds": "Conventions",
    "dateMaj": "Mise à jour",
    "latitudeMin": "Latitude min",
    "designation": "Désignation",
    "classAbrege": "LFB",
    "position_structure": "Position",
    "sourceId": "Source",
    "borne_debut_distance": "Distance (borne début)",
    "longitudeMax": "Longitude max",
    "systemeRepId": "Système de repérage",
    "linearId": "Tronçon",
    "borne_fin_aval": "En amont de la borne de fin",
    "prFin": "PR de fin",
    "gardes": "Gardiens",
    "valid": "Validé",
    "proprietes": "Propriétaires",
    "editedGeoCoordinate": "@edited Geo Coordinate",
    "coteId": "Côté",
    "date_debut": "Date de début",
    "latitudeMax": "Latitude max",
    "positionFin": "Position de fin",
    "commentaire": "Commentaire",
    "borneDebutId": "Borne de début",
    "organismeStructure": "Gestionnaires",
    "contactStructure": "Contact"
  },
  "TalusRisberme": {
    "epaisseurSommet": "Épaisseur sommet (m)",
    "newAttribute": "@new Attribute",
    "longitudeMin": "Longitude min",
    "classPlural": "Talus de risbermes",
    "photos": "Photos",
    "borne_fin_distance": "Distance (borne fin)",
    "date_fin": "Date de fin",
    "gestions": "Gestionnaires",
    "troncon": "Tronçon",
    "numCouche": "N° couche",
    "natureHautId": "Nature du haut",
    "geometryMode": "@geometry Mode",
    "positionDebut": "Position de début",
    "fonctionBasId": "Fonction du bas",
    "photo": "Photo",
    "author": "Auteur",
    "prDebut": "PR de début",
    "borne_debut_aval": "En amont de la borne de début",
    "class": "Talus de risberme",
    "materiauBasId": "Matériau du bas",
    "borneFinId": "Borne de fin",
    "geometry": "Géométrie",
    "conventionIds": "Conventions",
    "dateMaj": "Mise à jour",
    "latitudeMin": "Latitude min",
    "designation": "Désignation",
    "classAbrege": "TR",
    "position_structure": "xxxxxxxxxxxxx",
    "sourceId": "Source",
    "borne_debut_distance": "Distance (borne début)",
    "longitudeMax": "Longitude max",
    "systemeRepId": "Système de repérage",
    "linearId": "Tronçon",
    "borne_fin_aval": "En amont de la borne de fin",
    "prFin": "PR de fin",
    "longueurRampantHaut": "Longueur rampant haut (m)",
    "gardes": "Gardiens",
    "valid": "Validé",
    "longueurRampantBas": "Longueur rampant bas (m)",
    "materiauHautId": "Matériau du haut",
    "natureBasId": "Nature du bas",
    "proprietes": "Propriétaires",
    "editedGeoCoordinate": "@edited Geo Coordinate",
    "coteId": "Côté",
    "date_debut": "Date de début",
    "fonctionHautId": "Fonction du haut",
    "latitudeMax": "Latitude max",
    "positionFin": "Position de fin",
    "positionId": "Position",
    "borneDebutId": "Borne de début",
    "commentaire": "Commentaire",
    "organismeStructure": "Gestionnaires",
    "contactStructure": "Contact",
    "penteInterieure": "Pente interieure (%)"
  },
  "SommetRisberme": {
    "newAttribute": "@new Attribute",
    "longitudeMin": "Longitude min",
    "classPlural": "Sommet de risbermes",
    "photos": "Photos",
    "borne_fin_distance": "Distance (borne fin)",
    "date_fin": "Date de fin",
    "gestions": "Gestionnaires",
    "troncon": "Tronçon",
    "numCouche": "N° couche",
    "geometryMode": "@geometry Mode",
    "positionDebut": "Position de début",
    "photo": "Photo",
    "author": "Auteur",
    "prDebut": "PR de début",
    "borne_debut_aval": "En amont de la borne de début",
    "class": "Sommet de risberme",
    "borneFinId": "Borne de fin",
    "geometry": "Géométrie",
    "conventionIds": "Conventions",
    "dateMaj": "Mise à jour",
    "latitudeMin": "Latitude min",
    "designation": "Désignation",
    "classAbrege": "SR",
    "fonctionId": "Fonction",
    "sourceId": "Source",
    "borne_debut_distance": "Distance (borne début)",
    "longitudeMax": "Longitude max",
    "systemeRepId": "Système de repérage",
    "linearId": "Tronçon",
    "borne_fin_aval": "En amont de la borne de fin",
    "prFin": "PR de fin",
    "gardes": "Gardiens",
    "valid": "Validé",
    "proprietes": "Propriétaires",
    "editedGeoCoordinate": "@edited Geo Coordinate",
    "coteId": "Côté",
    "materiauId": "Matériau",
    "date_debut": "Date de début",
    "latitudeMax": "Latitude max",
    "positionFin": "Position de fin",
    "positionId": "Position",
    "epaisseur": "Épaisseur (m)",
    "natureId": "Nature",
    "borneDebutId": "Borne de début",
    "commentaire": "Commentaire",
    "contactStructure": "Contact",
    "organismeStructure": "Gestionnaires"
  },
  "MesureLigneEauPrZ": {
    "valid": "Validé",
    "classPlural": "PR/H (Mesure de ligne d'eau)s",
    "hauteur": "Hauteur (m)",
    "class": "PR/H (Mesure de ligne d'eau)",
    "author": "Auteur",
    "classAbrege": "MLEPH",
    "designation": "Désignation",
    "d": "PR saisi",
    "z": "Hauteur d'eau (m)"
  },
  "OuvrageRevanche": {
    "newAttribute": "@new Attribute",
    "longitudeMin": "Longitude min",
    "classPlural": "Ouvrage de revanches",
    "photos": "Photos",
    "borne_fin_distance": "Distance (borne fin)",
    "date_fin": "Date de fin",
    "gestions": "Gestionnaires",
    "troncon": "Tronçon",
    "natureHautId": "Nature du haut",
    "geometryMode": "@geometry Mode",
    "ouvertureBatardableIds": "Ouverture batardable",
    "positionDebut": "Position de début",
    "photo": "Photo",
    "author": "Auteur",
    "prDebut": "PR de début",
    "borne_debut_aval": "En amont de la borne de début",
    "ouvertureBatardable": "@ouverture Batardable",
    "class": "Ouvrage de revanche",
    "materiauBasId": "Matériau du bas",
    "borneFinId": "Borne de fin",
    "geometry": "Géométrie",
    "largeur": "Largeur (m)",
    "conventionIds": "Conventions",
    "dateMaj": "Mise à jour",
    "latitudeMin": "Latitude min",
    "designation": "Désignation",
    "classAbrege": "OR",
    "position_structure": "Position",
    "sourceId": "Source",
    "borne_debut_distance": "Distance (borne début)",
    "longitudeMax": "Longitude max",
    "systemeRepId": "Système de repérage",
    "linearId": "Tronçon",
    "borne_fin_aval": "En amont de la borne de fin",
    "prFin": "PR de fin",
    "gardes": "Gardiens",
    "valid": "Validé",
    "materiauHautId": "Matériau du haut",
    "natureBasId": "Nature du bas",
    "proprietes": "Propriétaires",
    "editedGeoCoordinate": "@edited Geo Coordinate",
    "coteId": "Côté",
    "hauteurMurette": "Hauteur murette (m)",
    "date_debut": "Date de début",
    "latitudeMax": "Latitude max",
    "positionFin": "Position de fin",
    "positionId": "Position",
    "borneDebutId": "Borne de début",
    "commentaire": "Commentaire",
    "organismeStructure": "Gestionnaires",
    "contactStructure": "Contact"
  },
  "PointDZ": {
    "author": "@author",
    "valid": "@valid",
    "classPlural": "@PointDZs",
    "class": "@PointDZ",
    "z": "@z",
    "designation": "@designation",
    "d": "@d",
    "classAbrege": "PDZ"
  },
  "Epi": {
    "newAttribute": "@new Attribute",
    "longitudeMin": "Longitude min",
    "classPlural": "Épis",
    "photos": "Photos",
    "borne_fin_distance": "Distance (borne fin)",
    "date_fin": "Date de fin",
    "gestions": "Gestionnaires",
    "troncon": "Tronçon",
    "geometryMode": "@geometry Mode",
    "positionDebut": "Position de début",
    "photo": "Photo",
    "author": "Auteur",
    "prDebut": "PR de début",
    "borne_debut_aval": "En amont de la borne de début",
    "class": "Épi",
    "borneFinId": "Borne de fin",
    "libelle": "Libellé",
    "geometry": "Géométrie",
    "conventionIds": "Conventions",
    "dateMaj": "Mise à jour",
    "latitudeMin": "Latitude min",
    "designation": "Désignation",
    "classAbrege": "E",
    "position_structure": "Position",
    "sourceId": "Source",
    "borne_debut_distance": "Distance (borne début)",
    "longitudeMax": "Longitude max",
    "systemeRepId": "Système de repérage",
    "linearId": "Tronçon",
    "borne_fin_aval": "En amont de la borne de fin",
    "prFin": "PR de fin",
    "gardes": "Gardiens",
    "valid": "Validé",
    "proprietes": "Propriétaires",
    "editedGeoCoordinate": "@edited Geo Coordinate",
    "coteId": "Côté",
    "date_debut": "Date de début",
    "latitudeMax": "Latitude max",
    "positionFin": "Position de fin",
    "positionId": "Position",
    "commentaire": "Commentaire",
    "borneDebutId": "Borne de début",
    "contactStructure": "Contact",
    "organismeStructure": "Gestionnaires"
  },
  "Deversoir": {
    "newAttribute": "@new Attribute",
    "longitudeMin": "Longitude min",
    "classPlural": "Déversoirs",
    "photos": "Photos",
    "seuil": "Seuil",
    "borne_fin_distance": "Distance (borne fin)",
    "date_fin": "Date de fin",
    "gestions": "Gestionnaires",
    "geometryMode": "@geometry Mode",
    "positionDebut": "Position de début",
    "typeSecurite": "Type de sécurité",
    "photo": "Photo",
    "author": "Auteur",
    "prDebut": "PR de début",
    "borne_debut_aval": "En amont de la borne de début",
    "class": "Déversoir",
    "borneFinId": "Borne de fin",
    "libelle": "Libellé",
    "geometry": "Géométrie",
    "conventionIds": "Conventions",
    "dateMaj": "Mise à jour",
    "latitudeMin": "Latitude min",
    "designation": "Désignation",
    "classAbrege": "Dv",
    "fonctionId": "Fonction",
    "sourceId": "Source",
    "borne_debut_distance": "Distance (borne début)",
    "longitudeMax": "Longitude max",
    "systemeRepId": "Système de repérage",
    "linearId": "Tronçon",
    "borne_fin_aval": "En amont de la borne de fin",
    "fusible": "Fusible",
    "prFin": "PR de fin",
    "gardes": "Gardiens",
    "valid": "Validé",
    "proprietes": "Propriétaires",
    "fosse": "Fosse",
    "editedGeoCoordinate": "@edited Geo Coordinate",
    "coteId": "Côté",
    "date_debut": "Date de début",
    "latitudeMax": "Latitude max",
    "raccordementId": "Raccordement à la digue",
    "positionFin": "Position de fin",
    "commentaire": "Commentaire",
    "borneDebutId": "Borne de début",
    "coteSurverse": "Cote de début de surverse",
    "typeAlimentation": "Type d'alimentation",
    "contactStructure": "Contact",
    "organismeStructure": "Organisme"
  },
  "StationPompage": {
    "newAttribute": "@new Attribute",
    "longitudeMin": "Longitude min",
    "pompes": "Pompes",
    "classPlural": "Station de pompages",
    "photos": "Photos",
    "borne_fin_distance": "Distance (borne fin)",
    "date_fin": "Date de fin",
    "gestions": "Gestionnaires",
    "troncon": "Tronçon",
    "geometryMode": "@geometry Mode",
    "positionDebut": "Position de début",
    "photo": "Photo",
    "observations": "Observations",
    "author": "Auteur",
    "prDebut": "PR de début",
    "borne_debut_aval": "En amont de la borne de début",
    "class": "Station de pompage",
    "borneFinId": "Borne de fin",
    "libelle": "Libellé",
    "geometry": "Géométrie",
    "conventionIds": "Conventions",
    "dateMaj": "Mise à jour",
    "latitudeMin": "Latitude min",
    "designation": "Désignation",
    "classAbrege": "SP",
    "position_structure": "Position",
    "sourceId": "Source",
    "borne_debut_distance": "Distance (borne début)",
    "longitudeMax": "Longitude max",
    "systemeRepId": "Système de repérage",
    "linearId": "Tronçon",
    "borne_fin_aval": "En amont de la borne de fin",
    "prFin": "PR de fin",
    "gardes": "Gardiens",
    "valid": "Validé",
    "reseauHydrauliqueFermeIds": "Réseau hydraulique fermé",
    "proprietes": "Propriétaires",
    "editedGeoCoordinate": "@edited Geo Coordinate",
    "coteId": "Côté",
    "date_debut": "Date de début",
    "latitudeMax": "Latitude max",
    "positionId": "Position",
    "positionFin": "Position de fin",
    "borneDebutId": "Borne de début",
    "commentaire": "Commentaire",
    "contactStructure": "Contact",
    "organismeStructure": "Gestionnaires"
  },
  "Desordre": {
    "newAttribute": "@new Attribute",
    "longitudeMin": "Longitude min",
    "classPlural": "Désordres",
    "borne_fin_distance": "Distance (borne fin)",
    "date_fin": "Date de fin",
    "gestions": "Gestionnaires",
    "geometryMode": "@geometry Mode",
    "positionDebut": "Position de début",
    "observations": "Observations",
    "ouvrageParticulierIds": "Ouvrage particulier",
    "author": "Auteur",
    "prDebut": "PR de début",
    "borne_debut_aval": "En amont de la borne de début",
    "evenementHydrauliqueIds": "Événement hydraulique",
    "class": "Désordre",
    "ouvrageVoirieIds": "Ouvrage de voirie",
    "borneFinId": "Borne de fin",
    "geometry": "Géométrie",
    "conventionIds": "Conventions",
    "dateMaj": "Mise à jour",
    "latitudeMin": "Latitude min",
    "designation": "Désignation",
    "classAbrege": "Ds",
    "reseauTelecomEnergieIds": "Réseau télécom ou énergie",
    "lieuDit": "Lieu-dit",
    "sourceId": "Source",
    "borne_debut_distance": "Distance (borne début)",
    "longitudeMax": "Longitude max",
    "echelleLimnimetriqueIds": "Échelle limnimetrique",
    "systemeRepId": "Système de repérage",
    "linearId": "Tronçon",
    "borne_fin_aval": "En amont de la borne de fin",
    "prFin": "PR de fin",
    "gardes": "Gardiens",
    "reseauHydrauliqueCielOuvertIds": "Réseau hydraulique à ciel ouvert",
    "valid": "Validé",
    "ouvrageTelecomEnergieIds": "Ouvrage télécom ou énergie",
    "reseauHydrauliqueFermeIds": "Réseau hydraulique fermé",
    "proprietes": "Propriétaires",
    "editedGeoCoordinate": "@edited Geo Coordinate",
    "coteId": "Côté",
    "voieDigueIds": "Voie sur digue",
    "articleIds": "Article",
    "categorieDesordreId": "Catégorie de désordre",
    "date_debut": "Date de début",
    "ouvrageHydrauliqueAssocieIds": "Ouvrage hydraulique associé",
    "prestationIds": "Prestation",
    "latitudeMax": "Latitude max",
    "positionFin": "Position de fin",
    "positionId": "Position",
    "borneDebutId": "Borne de début",
    "commentaire": "Commentaire",
    "organismeStructure": "Gestionnaires",
    "contactStructure": "Contact",
    "typeDesordreId": "Type de désordre"
  },
  "OuvrageTelecomEnergie": {
    "newAttribute": "@new Attribute",
    "longitudeMin": "Longitude min",
    "classPlural": "Ouvrage de télécommunication et énergies",
    "photos": "Photos",
    "borne_fin_distance": "Distance (borne fin)",
    "date_fin": "Date de fin",
    "gestions": "Gestionnaires",
    "troncon": "Tronçon",
    "geometryMode": "@geometry Mode",
    "positionDebut": "Position de début",
    "photo": "Photo",
    "author": "Auteur",
    "prDebut": "PR de début",
    "borne_debut_aval": "En amont de la borne de début",
    "class": "Ouvrage de télécommunication et énergie",
    "borneFinId": "Borne de fin",
    "libelle": "Libellé",
    "geometry": "Géométrie",
    "conventionIds": "Conventions",
    "dateMaj": "Mise à jour",
    "latitudeMin": "Latitude min",
    "designation": "Désignation",
    "classAbrege": "OTE",
    "reseauTelecomEnergieIds": "Réseau de télécommunication et énergie",
    "position_structure": "Position",
    "sourceId": "Source",
    "borne_debut_distance": "Distance (borne début)",
    "longitudeMax": "Longitude max",
    "systemeRepId": "Système de repérage",
    "linearId": "Tronçon",
    "borne_fin_aval": "En amont de la borne de fin",
    "prFin": "PR de fin",
    "gardes": "Gardiens",
    "valid": "Validé",
    "proprietes": "Propriétaires",
    "editedGeoCoordinate": "@edited Geo Coordinate",
    "coteId": "Côté",
    "date_debut": "Date de début",
    "latitudeMax": "Latitude max",
    "positionId": "Position",
    "positionFin": "Position de fin",
    "borneDebutId": "Borne de début",
    "typeOuvrageTelecomEnergieId": "Type d'ouvrage de télécommunication et énergie",
    "commentaire": "Commentaire",
    "contactStructure": "Contact",
    "organismeStructure": "Gestionnaires"
  },
  "PiedDigue": {
    "newAttribute": "@new Attribute",
    "longitudeMin": "Longitude min",
    "classPlural": "Pied de digues",
    "photos": "Photos",
    "borne_fin_distance": "Distance (borne fin)",
    "date_fin": "Date de fin",
    "gestions": "Gestionnaires",
    "troncon": "Tronçon",
    "geometryMode": "@geometry Mode",
    "positionDebut": "Position de début",
    "photo": "Photo",
    "author": "Auteur",
    "prDebut": "PR de début",
    "borne_debut_aval": "En amont de la borne de début",
    "class": "Pied de digue",
    "borneFinId": "Borne de fin",
    "geometry": "Géométrie",
    "conventionIds": "Conventions",
    "dateMaj": "Mise à jour",
    "latitudeMin": "Latitude min",
    "designation": "Désignation",
    "classAbrege": "PD",
    "fonctionId": "Fonction",
    "position_structure": "xxxxxxx",
    "sourceId": "Source",
    "borne_debut_distance": "Distance (borne début)",
    "longitudeMax": "Longitude max",
    "systemeRepId": "Système de repérage",
    "linearId": "Tronçon",
    "borne_fin_aval": "En amont de la borne de fin",
    "prFin": "PR de fin",
    "gardes": "Gardiens",
    "valid": "Validé",
    "proprietes": "Propriétaires",
    "editedGeoCoordinate": "@edited Geo Coordinate",
    "coteId": "Côté",
    "materiauId": "Matériau",
    "date_debut": "Date de début",
    "latitudeMax": "Latitude max",
    "positionFin": "Position de fin",
    "positionId": "Position",
    "commentaire": "Commentaire",
    "borneDebutId": "Borne de début",
    "natureId": "Nature",
    "contactStructure": "Contact",
    "organismeStructure": "Gestionnaires"
  },
  "PositionDocument": {
    "positionFin": "Position de fin",
    "positionDebut": "Position de début",
    "borne_debut_aval": "En amont de la borne de début",
    "borneFinId": "Borne de fin",
    "commentaire": "Commentaire",
    "newAttribute": "@new Attribute",
    "author": "Auteur",
    "prFin": "PR de fin",
    "borne_fin_aval": "En amont de la borne de fin",
    "geometry": "Géométrie",
    "systemeRepId": "Système de repérage",
    "prDebut": "PR de début",
    "geometryMode": "@geometry Mode",
    "borneDebutId": "Borne de début",
    "longitudeMin": "Longitude min",
    "classAbrege": "DT",
    "longitudeMax": "Longitude max",
    "class": "Position de document",
    "editedGeoCoordinate": "@edited Geo Coordinate",
    "troncon": "Tronçon",
    "valid": "Validé",
    "linearId": "Tronçon",
    "latitudeMin": "Latitude min",
    "designation": "Désignation",
    "borne_debut_distance": "Distance (borne début)",
    "latitudeMax": "Latitude max",
    "borne_fin_distance": "Distance (borne fin)",
    "sirsdocument": "Document",
    "classPlural": "Position de documents"
  },
  "MesureMonteeEaux": {
    "referenceHauteurId": "Référence de hauteur",
    "valid": "Validé",
    "classPlural": "Mesure de montée des eauxs",
    "commentaire": "Commentaire",
    "hauteur": "Hauteur (m)",
    "date": "Date et heure du relevé",
    "class": "Mesure de montée des eaux",
    "observateurId": "Observateur",
    "debitMax": "Débit maximum (m3/s)",
    "author": "Auteur",
    "classAbrege": "MME",
    "designation": "Désignation",
    "sourceId": "Source",
    "dateMaj": "Mise à jour"
  },
  "PositionProfilTravers": {
    "positionFin": "Position de fin",
    "positionDebut": "Position de début",
    "borne_debut_aval": "En amont de la borne de début",
    "borneFinId": "Borne de fin",
    "commentaire": "Commentaire",
    "newAttribute": "@new Attribute",
    "author": "Auteur",
    "prFin": "PR de fin",
    "borne_fin_aval": "En amont de la borne de fin",
    "geometry": "Géométrie",
    "systemeRepId": "Système de repérage",
    "levePositionIds": "Levés (cotes)",
    "prDebut": "PR de début",
    "geometryMode": "@geometry Mode",
    "borneDebutId": "Borne de début",
    "longitudeMin": "Longitude min",
    "classAbrege": "PosPT",
    "longitudeMax": "Longitude max",
    "class": "Position de profil en travers",
    "editedGeoCoordinate": "@edited Geo Coordinate",
    "troncon": "Tronçon",
    "valid": "Validé",
    "linearId": "Tronçon",
    "latitudeMin": "Latitude min",
    "designation": "Désignation",
    "borne_debut_distance": "Distance (borne début)",
    "latitudeMax": "Latitude max",
    "borne_fin_distance": "Distance (borne fin)",
    "photos": "Photos",
    "sirsdocument": "Profil en travers",
    "classPlural": "Position de profil en traverss"
  },
  "TalusDigue": {
    "epaisseurSommet": "Épaisseur sommet (m)",
    "newAttribute": "@new Attribute",
    "longitudeMin": "Longitude min",
    "classPlural": "Talus de digues",
    "photos": "Photos",
    "borne_fin_distance": "Distance (borne fin)",
    "date_fin": "Date de fin",
    "gestions": "Gestionnaires",
    "troncon": "Tronçon",
    "numCouche": "N° couche",
    "natureHautId": "Nature du haut",
    "geometryMode": "@geometry Mode",
    "positionDebut": "Position de début",
    "fonctionBasId": "Fonction du bas",
    "photo": "Photo",
    "author": "Auteur",
    "prDebut": "PR de début",
    "borne_debut_aval": "En amont de la borne de début",
    "class": "Talus de digue",
    "materiauBasId": "Matériau du bas",
    "borneFinId": "Borne de fin",
    "geometry": "Géométrie",
    "conventionIds": "Conventions",
    "dateMaj": "Mise à jour",
    "latitudeMin": "Latitude min",
    "designation": "Désignation",
    "classAbrege": "TD",
    "sourceId": "Source",
    "borne_debut_distance": "Distance (borne début)",
    "longitudeMax": "Longitude max",
    "systemeRepId": "Système de repérage",
    "linearId": "Tronçon",
    "borne_fin_aval": "En amont de la borne de fin",
    "prFin": "PR de fin",
    "longueurRampantHaut": "Longueur rampant haut (m)",
    "gardes": "Gardiens",
    "valid": "Validé",
    "longueurRampantBas": "Longueur rampant bas (m)",
    "materiauHautId": "Matériau du haut",
    "natureBasId": "Nature du bas",
    "proprietes": "Propriétaires",
    "editedGeoCoordinate": "@edited Geo Coordinate",
    "coteId": "Côté",
    "date_debut": "Date de début",
    "fonctionHautId": "Fonction du haut",
    "latitudeMax": "Latitude max",
    "positionFin": "Position de fin",
    "positionId": "Position",
    "borneDebutId": "Borne de début",
    "commentaire": "Commentaire",
    "organismeStructure": "Gestionnaires",
    "contactStructure": "Contact",
    "penteInterieure": "Pente intérieure (%)"
  },
  "OuvertureBatardable": {
    "newAttribute": "@new Attribute",
    "longitudeMin": "Longitude min",
    "classPlural": "Ouverture batardables",
    "photos": "Photos",
    "ouvrageRevancheIds": "Ouvrage de revanche",
    "organismeManipulateurId": "Organisme manipulateur",
    "borne_fin_distance": "Distance (borne fin)",
    "date_fin": "Date de fin",
    "gestions": "Gestionnaires",
    "troncon": "Tronçon",
    "geometryMode": "@geometry Mode",
    "positionDebut": "Position de début",
    "photo": "Photo",
    "author": "Auteur",
    "prDebut": "PR de début",
    "borne_debut_aval": "En amont de la borne de début",
    "intervenantManipulateurId": "Intervenant manipulateur",
    "class": "Ouverture batardable",
    "borneFinId": "Borne de fin",
    "libelle": "Libellé",
    "geometry": "Géométrie",
    "largeur": "Largeur (m)",
    "conventionIds": "Conventions",
    "dateMaj": "Mise à jour",
    "latitudeMin": "Latitude min",
    "typeGlissiereId": "Type de glissiere",
    "poidsUnitaireBatardeaux": "Poids unitaire des batardeaux",
    "designation": "Désignation",
    "classAbrege": "OB",
    "typeSeuilId": "Type de seuil",
    "futursConventionIds": "@futurs Convention Ids",
    "position_structure": "Position",
    "sourceId": "Source",
    "borne_debut_distance": "Distance (borne début)",
    "longitudeMax": "Longitude max",
    "systemeRepId": "Système de repérage",
    "organismesStockantsId": "Organismes stockants",
    "linearId": "Tronçon",
    "borne_fin_aval": "En amont de la borne de fin",
    "prFin": "PR de fin",
    "gardes": "Gardiens",
    "valid": "Validé",
    "organismesManipulateursId": "Organismes manipulateurs",
    "proprietes": "Propriétaires",
    "editedGeoCoordinate": "@edited Geo Coordinate",
    "zSeuil": "Z du seuil (m)",
    "coteId": "Côté",
    "moyenManipBatardeauxId": "Moyen de manipulation des batardeaux Id",
    "date_debut": "Date de début",
    "organismeStockantId": "Organisme stockant",
    "hauteur": "Hauteur (m)",
    "latitudeMax": "Latitude max",
    "positionId": "Position",
    "positionFin": "Position de fin",
    "ouvrageFranchissementIds": "Ouvrage de franchissement",
    "commentaire": "Commentaire",
    "borneDebutId": "Borne de début",
    "nombreBatardeaux": "Nombre de batardeaux",
    "natureBatardeauxId": "Nature des batardeaux",
    "organismeStructure": "Gestionnaires",
    "contactStructure": "Contact"
  },
  "OuvrageVoirie": {
    "newAttribute": "@new Attribute",
    "longitudeMin": "Longitude min",
    "classPlural": "Ouvrage de voiries",
    "photos": "Photos",
    "borne_fin_distance": "Distance (borne fin)",
    "date_fin": "Date de fin",
    "gestions": "Gestionnaires",
    "troncon": "Tronçon",
    "geometryMode": "@geometry Mode",
    "positionDebut": "Position de début",
    "photo": "Photo",
    "author": "Auteur",
    "prDebut": "PR de début",
    "borne_debut_aval": "En amont de la borne de début",
    "class": "Ouvrage de voirie",
    "borneFinId": "Borne de fin",
    "libelle": "Libellé",
    "geometry": "Géométrie",
    "conventionIds": "Conventions",
    "dateMaj": "Mise à jour",
    "latitudeMin": "Latitude min",
    "typeOuvrageVoirieId": "Type d'ouvrage de voirie",
    "designation": "Désignation",
    "classAbrege": "OV",
    "sourceId": "Source",
    "borne_debut_distance": "Distance (borne début)",
    "longitudeMax": "Longitude max",
    "systemeRepId": "Système de repérage",
    "linearId": "Tronçon",
    "borne_fin_aval": "En amont de la borne de fin",
    "prFin": "PR de fin",
    "gardes": "Gardiens",
    "valid": "Validé",
    "proprietes": "Propriétaires",
    "editedGeoCoordinate": "@edited Geo Coordinate",
    "coteId": "Côté",
    "date_debut": "Date de début",
    "latitudeMax": "Latitude max",
    "positionId": "Position",
    "positionFin": "Position de fin",
    "ouvrageFranchissementIds": "Ouvrage de franchissement",
    "borneDebutId": "Borne de début",
    "commentaire": "Commentaire",
    "organismeStructure": "Gestionnaires",
    "contactStructure": "Contact"
  },
  "GardeTroncon": {
    "positionFin": "Position de fin",
    "positionDebut": "Position de début",
    "borne_debut_aval": "En amont de la borne de début",
    "borneFinId": "Borne de fin",
    "newAttribute": "@new Attribute",
    "author": "@author",
    "prFin": "PR de fin",
    "borne_fin_aval": "En amont de la borne de fin",
    "geometry": "@geometry",
    "systemeRepId": "Système de repérage",
    "prDebut": "PR de début",
    "typeContact": "@type Contact",
    "geometryMode": "@geometry Mode",
    "borneDebutId": "Borne de début",
    "longitudeMin": "Longitude min",
    "classAbrege": "GT",
    "longitudeMax": "Longitude max",
    "class": "Période de gardiennage (tronçon)",
    "editedGeoCoordinate": "@edited Geo Coordinate",
    "valid": "Validé",
    "linearId": "Tronçon",
    "contactId": "Contact",
    "date_fin": "Date de fin",
    "latitudeMin": "Latitude min",
    "designation": "Désignation",
    "borne_debut_distance": "Distance (borne début)",
    "date_debut": "Date de début",
    "dateMaj": "Mise à jour",
    "latitudeMax": "Latitude max",
    "borne_fin_distance": "Distance (borne fin)",
    "classPlural": "Période de gardiennage (tronçon)s"
  },
  "Observation": {
    "valid": "Validé",
    "classPlural": "Observations",
    "date": "Date d'observation",
    "class": "Observation",
    "observateurId": "Observateur",
    "author": "Auteur",
    "nombreDesordres": "Nb désordres",
    "suite": "Suite à apporter",
    "designation": "Désignation",
    "classAbrege": "Obs",
    "dateMaj": "Mise à jour",
    "urgenceId": "Urgence",
    "evolution": "Évolution du désordre",
    "photos": "Photos"
  },
  "BorneDigue": {
    "valid": "Validé",
    "fictive": "Fictive",
    "classPlural": "Bornes",
    "commentaire": "Commentaire",
    "class": "Borne",
    "author": "Auteur",
    "date_fin": "Date de fin",
    "designation": "Désignation",
    "classAbrege": "BD",
    "libelle": "Libellé",
    "date_debut": "Date de début",
    "geometry": "Géométrie",
    "dateMaj": "Mise à jour"
  },
  "OuvrageFranchissement": {
    "newAttribute": "@new Attribute",
    "longitudeMin": "Longitude min",
    "classPlural": "Ouvrage de franchissements",
    "photos": "Photos",
    "borne_fin_distance": "Distance (borne fin)",
    "date_fin": "Date de fin",
    "gestions": "Gestionnaires",
    "troncon": "Tronçon",
    "geometryMode": "@geometry Mode",
    "typeOuvrageFranchissementId": "Type d'ouvrage de franchissement",
    "ouvertureBatardableIds": "Ouverture batardable",
    "positionDebut": "Position de début",
    "photo": "Photo",
    "author": "Auteur",
    "prDebut": "PR de début",
    "borne_debut_aval": "En amont de la borne de début",
    "revetementBasId": "Revêtement bas",
    "class": "Ouvrage de franchissement",
    "ouvrageVoirieIds": "Ouvrage de voirie",
    "borneFinId": "Borne de fin",
    "libelle": "Libellé",
    "geometry": "Géométrie",
    "largeur": "Largeur (m)",
    "conventionIds": "Conventions",
    "dateMaj": "Mise à jour",
    "latitudeMin": "Latitude min",
    "crueSubmersionIds": "Crue de submersion",
    "designation": "Désignation",
    "classAbrege": "OF",
    "positionHautId": "Position haut",
    "position_structure": "xxxxxxxxxxx",
    "sourceId": "Source",
    "borne_debut_distance": "Distance (borne début)",
    "longitudeMax": "Longitude max",
    "systemeRepId": "Système de repérage",
    "voieAccesIds": "Voie accès",
    "linearId": "Tronçon",
    "positionBasId": "Position bas",
    "borne_fin_aval": "En amont de la borne de fin",
    "prFin": "PR de fin",
    "gardes": "Gardiens",
    "revetementHautId": "Revêtement haut",
    "valid": "Validé",
    "orientationOuvrageId": "Orientation de l'ouvrage",
    "proprietes": "Propriétaires",
    "editedGeoCoordinate": "@edited Geo Coordinate",
    "voieDigueIds": "Voie sur digue",
    "coteId": "Côté",
    "usageId": "Usage",
    "date_debut": "Date de début",
    "revetementId": "Revêtement",
    "latitudeMax": "Latitude max",
    "positionFin": "Position de fin",
    "borneDebutId": "Borne de début",
    "commentaire": "Commentaire",
    "contactStructure": "Contact",
    "organismeStructure": "Gestionnaires"
  },
  "OuvrageParticulier": {
    "newAttribute": "@new Attribute",
    "longitudeMin": "Longitude min",
    "classPlural": "Ouvrage particuliers",
    "photos": "Photos",
    "borne_fin_distance": "Distance (borne fin)",
    "date_fin": "Date de fin",
    "gestions": "Gestionnaires",
    "troncon": "Tronçon",
    "geometryMode": "@geometry Mode",
    "positionDebut": "Position de début",
    "author": "Auteur",
    "prDebut": "PR de début",
    "borne_debut_aval": "En amont de la borne de début",
    "class": "Ouvrage particulier",
    "borneFinId": "Borne de fin",
    "typeOuvrageParticulierId": "Type d'ouvrage particulier",
    "libelle": "Libellé",
    "geometry": "Géométrie",
    "conventionIds": "Conventions",
    "dateMaj": "Mise à jour",
    "latitudeMin": "Latitude min",
    "designation": "Désignation",
    "classAbrege": "OP",
    "sourceId": "Source",
    "borne_debut_distance": "Distance (borne début)",
    "longitudeMax": "Longitude max",
    "systemeRepId": "Système de repérage",
    "linearId": "Tronçon",
    "borne_fin_aval": "En amont de la borne de fin",
    "prFin": "PR de fin",
    "gardes": "Gardiens",
    "valid": "Validé",
    "proprietes": "Propriétaires",
    "editedGeoCoordinate": "@edited Geo Coordinate",
    "coteId": "Côté",
    "date_debut": "Date de début",
    "latitudeMax": "Latitude max",
    "positionId": "Position",
    "positionFin": "Position de fin",
    "borneDebutId": "Borne de début",
    "commentaire": "Commentaire",
    "contactStructure": "Contact",
    "organismeStructure": "Gestionnaires"
  },
  "OuvrageHydrauliqueAssocie": {
    "newAttribute": "@new Attribute",
    "longitudeMin": "Longitude min",
    "classPlural": "Ouvrage hydraulique associés",
    "photos": "Photos",
    "borne_fin_distance": "Distance (borne fin)",
    "date_fin": "Date de fin",
    "gestions": "Gestionnaires",
    "troncon": "Tronçon",
    "geometryMode": "@geometry Mode",
    "typeOuvrageHydroAssocieId": "Type d'ouvrage hydraulique associé",
    "positionDebut": "Position de début",
    "photo": "Photo",
    "observations": "Observations",
    "author": "Auteur",
    "prDebut": "PR de début",
    "borne_debut_aval": "En amont de la borne de début",
    "class": "Ouvrage hydraulique associé",
    "borneFinId": "Borne de fin",
    "libelle": "Libellé",
    "geometry": "Géométrie",
    "conventionIds": "Conventions",
    "dateMaj": "Mise à jour",
    "latitudeMin": "Latitude min",
    "designation": "Désignation",
    "classAbrege": "OHA",
    "position_structure": "Position",
    "sourceId": "Source",
    "borne_debut_distance": "Distance (borne début)",
    "longitudeMax": "Longitude max",
    "systemeRepId": "Système de repérage",
    "linearId": "Tronçon",
    "borne_fin_aval": "En amont de la borne de fin",
    "prFin": "PR de fin",
    "gardes": "Gardiens",
    "valid": "Validé",
    "reseauHydrauliqueFermeIds": "Réseau hydraulique fermé",
    "proprietes": "Propriétaires",
    "editedGeoCoordinate": "@edited Geo Coordinate",
    "coteId": "Côté",
    "date_debut": "Date de début",
    "latitudeMax": "Latitude max",
    "positionId": "Position",
    "positionFin": "Position de fin",
    "borneDebutId": "Borne de début",
    "commentaire": "Commentaire",
    "organismeStructure": "Gestionnaires",
    "contactStructure": "Contact"
  },
  "Photo": {
    "reference": "Référence",
    "newAttribute": "@new Attribute",
    "longitudeMin": "Longitude min",
    "classPlural": "Photos",
    "chemin": "Chemin vers le fichier",
    "borne_fin_distance": "Distance (borne fin)",
    "geometryMode": "@geometry Mode",
    "positionDebut": "Position de début",
    "author": "Auteur",
    "documentRelated": "Resource documentaire associée",
    "prDebut": "PR de début",
    "borne_debut_aval": "En amont de la borne de début",
    "class": "Photo",
    "photographeId": "Photographe",
    "borneFinId": "Borne de fin",
    "libelle": "Libellé",
    "geometry": "Géométrie",
    "latitudeMin": "Latitude min",
    "designation": "Désignation",
    "classAbrege": "Ph",
    "orientationPhoto": "Orientation",
    "borne_debut_distance": "Distance (borne début)",
    "longitudeMax": "Longitude max",
    "systemeRepId": "Système de repérage",
    "borne_fin_aval": "En amont de la borne de fin",
    "prFin": "PR de fin",
    "valid": "Validé",
    "editedGeoCoordinate": "@edited Geo Coordinate",
    "coteId": "Côté",
    "troncon_digue": "Tronçon de digue",
    "latitudeMax": "Latitude max",
    "positionFin": "Position de fin",
    "date": "Date",
    "borneDebutId": "Borne de début",
    "commentaire": "Commentaire",
    "photographe": "Photographe"
  },
  "TronconDigue": {
    "photo": "Photo",
    "commentaire": "Commentaire",
    "borneIds": "Bornes",
    "author": "Auteur",
    "libelle": "Libellé",
    "geometry": "Géométrie",
    "proprietes": "Propriétés",
    "communeTroncon": "Commune",
    "documentTroncon": "Localisations de documents",
    "classAbrege": "TrD",
    "typeRiveId": "Type de rive",
    "typeTronconId": "Type de tronçon",
    "digueId": "Digue",
    "classement": "Classement",
    "positionId": "Position",
    "class": "Tronçon",
    "syndics": "Syndics",
    "valid": "Validé",
    "communes": "@communes",
    "documentTronconProfilTravers": "@document Troncon Profil Travers",
    "gestions": "Gestions",
    "gardes": "Gardes",
    "systemeReperageIds": "Système de repérage",
    "tronconId": "Tronçon",
    "date_fin": "Date de fin",
    "systemeRepDefautId": "Système de repérage par défaut",
    "structures": "Structures",
    "designation": "Désignation",
    "dateMaj": "Mise à jour",
    "date_debut": "Date de début",
    "documentTronconDefault": "@document Troncon Default",
    "photos": "Photos",
    "classPlural": "Tronçons"
  },
  "LigneEau": {
    "newAttribute": "@new Attribute",
    "longitudeMin": "Longitude min",
    "classPlural": "Ligne d'eaus",
    "photos": "Photos",
    "borne_fin_distance": "Distance (borne fin)",
    "date_fin": "Date de fin",
    "gestions": "Gestionnaires",
    "geometryMode": "@geometry Mode",
    "positionDebut": "Position de début",
    "mesuresXYZ": "XYH",
    "author": "Auteur",
    "prDebut": "PR de début",
    "borne_debut_aval": "En amont de la borne de début",
    "systemeRepDzId": "Système de repérage des points Pr/H",
    "class": "Ligne d'eau",
    "borneFinId": "Borne de fin",
    "evenementHydrauliqueId": "Événement hydraulique",
    "geometry": "Géométrie",
    "conventionIds": "Conventions",
    "dateMaj": "Mise à jour",
    "latitudeMin": "Latitude min",
    "designation": "Désignation",
    "classAbrege": "LE",
    "referenceHauteurId": "Référence de hauteur",
    "position_structure": "Position",
    "sourceId": "Source",
    "borne_debut_distance": "Distance (borne début)",
    "longitudeMax": "Longitude max",
    "systemeRepId": "Système de repérage",
    "linearId": "Tronçon",
    "borne_fin_aval": "En amont de la borne de fin",
    "mesures": "Mesures",
    "prFin": "PR de fin",
    "gardes": "Gardiens",
    "valid": "Validé",
    "proprietes": "Propriétaires",
    "editedGeoCoordinate": "@edited Geo Coordinate",
    "coteId": "Côté",
    "articleIds": "Article",
    "date_debut": "Date de début",
    "mesuresDZ": "Pr/H",
    "latitudeMax": "Latitude max",
    "positionFin": "Position de fin",
    "date": "Date du relevé",
    "borneDebutId": "Borne de début",
    "commentaire": "Commentaire",
    "organismeStructure": "Gestionnaires",
    "contactStructure": "Contact"
  },
  "EchelleLimnimetrique": {
    "newAttribute": "@new Attribute",
    "longitudeMin": "Longitude min",
    "classPlural": "Échelle Limnimetriques",
    "photos": "Photos",
    "borne_fin_distance": "Distance (borne fin)",
    "date_fin": "Date de fin",
    "gestions": "Gestionnaires",
    "troncon": "Tronçon",
    "geometryMode": "@geometry Mode",
    "positionDebut": "Position de début",
    "author": "Auteur",
    "prDebut": "PR de début",
    "borne_debut_aval": "En amont de la borne de début",
    "class": "Échelle Limnimetrique",
    "borneFinId": "Borne de fin",
    "libelle": "Libellé",
    "geometry": "Géométrie",
    "conventionIds": "Conventions",
    "dateMaj": "Mise à jour",
    "latitudeMin": "Latitude min",
    "designation": "Désignation",
    "classAbrege": "EL",
    "sourceId": "Source",
    "borne_debut_distance": "Distance (borne début)",
    "longitudeMax": "Longitude max",
    "systemeRepId": "Système de repérage",
    "linearId": "Tronçon",
    "borne_fin_aval": "En amont de la borne de fin",
    "prFin": "PR de fin",
    "gardes": "Gardiens",
    "valid": "Validé",
    "proprietes": "Propriétaires",
    "editedGeoCoordinate": "@edited Geo Coordinate",
    "coteId": "Côté",
    "date_debut": "Date de début",
    "latitudeMax": "Latitude max",
    "positionFin": "Position de fin",
    "positionId": "Position",
    "borneDebutId": "Borne de début",
    "commentaire": "Commentaire"
  },
  "VoieAcces": {
    "newAttribute": "@new Attribute",
    "longitudeMin": "Longitude min",
    "classPlural": "Voie d'accèss",
    "photos": "Photos",
    "borne_fin_distance": "Distance (borne fin)",
    "date_fin": "Date de fin",
    "gestions": "Gestionnaires",
    "troncon": "Tronçon",
    "geometryMode": "@geometry Mode",
    "positionDebut": "Position de début",
    "photo": "Photo",
    "author": "Auteur",
    "prDebut": "PR de début",
    "borne_debut_aval": "En amont de la borne de début",
    "class": "Voie d'accès",
    "borneFinId": "Borne de fin",
    "libelle": "Libellé",
    "geometry": "Géométrie",
    "largeur": "Largeur (m)",
    "conventionIds": "Conventions",
    "dateMaj": "Mise à jour",
    "latitudeMin": "Latitude min",
    "crueSubmersionIds": "Crue de submersion",
    "designation": "Désignation",
    "classAbrege": "VA",
    "sourceId": "Source",
    "borne_debut_distance": "Distance (borne début)",
    "longitudeMax": "Longitude max",
    "systemeRepId": "Système de repérage",
    "linearId": "Tronçon",
    "borne_fin_aval": "En amont de la borne de fin",
    "prFin": "PR de fin",
    "gardes": "Gardiens",
    "valid": "Validé",
    "proprietes": "Propriétaires",
    "editedGeoCoordinate": "@edited Geo Coordinate",
    "numeroSecteur": "N° de secteur",
    "coteId": "Côté",
    "materiauId": "Matériau",
    "usageId": "Usage",
    "date_debut": "Date de début",
    "latitudeMax": "Latitude max",
    "positionId": "Position",
    "positionFin": "Position de fin",
    "ouvrageFranchissementIds": "Ouvrage de franchissement",
    "borneDebutId": "Borne de début",
    "commentaire": "Commentaire",
    "contactStructure": "Contact",
    "organismeStructure": "Gestionnaires"
  },
  "ReseauHydrauliqueCielOuvert": {
    "newAttribute": "@new Attribute",
    "longitudeMin": "Longitude min",
    "classPlural": "Réseau hydraulique à ciel ouverts",
    "photos": "Photos",
    "borne_fin_distance": "Distance (borne fin)",
    "date_fin": "Date de fin",
    "gestions": "Gestionnaires",
    "troncon": "Tronçon",
    "geometryMode": "@geometry Mode",
    "positionDebut": "Position de début",
    "observations": "Observations",
    "author": "\"Auteur\"",
    "prDebut": "PR de début",
    "borne_debut_aval": "En amont de la borne de début",
    "class": "Réseau hydraulique à ciel ouvert",
    "borneFinId": "Borne de fin",
    "libelle": "Libellé",
    "geometry": "Géométrie",
    "conventionIds": "Conventions",
    "dateMaj": "Mise à jour",
    "latitudeMin": "Latitude min",
    "designation": "Désignation",
    "classAbrege": "RHCO",
    "sourceId": "Source",
    "borne_debut_distance": "Distance (borne début)",
    "longitudeMax": "Longitude max",
    "systemeRepId": "Système de repérage",
    "typeReseauHydroCielOuvertId": "Type de réseau hydraulique à ciel ouvert",
    "linearId": "Tronçon",
    "borne_fin_aval": "En amont de la borne de fin",
    "prFin": "PR de fin",
    "gardes": "Gardiens",
    "valid": "Validé",
    "reseauHydrauliqueFermeIds": "Réseau hydraulique fermé",
    "proprietes": "Propriétaires",
    "editedGeoCoordinate": "@edited Geo Coordinate",
    "coteId": "Côté",
    "date_debut": "Date de début",
    "latitudeMax": "Latitude max",
    "positionId": "Position",
    "positionFin": "Position de fin",
    "borneDebutId": "Borne de début",
    "commentaire": "Commentaire"
  },
  "Fondation": {
    "newAttribute": "@new Attribute",
    "longitudeMin": "Longitude min",
    "classPlural": "Fondations",
    "photos": "Photos",
    "borne_fin_distance": "Distance (borne fin)",
    "date_fin": "Date de fin",
    "gestions": "Gestionnaires",
    "troncon": "Tronçon",
    "numCouche": "N° couche",
    "geometryMode": "@geometry Mode",
    "positionDebut": "Position de début",
    "photo": "Photo",
    "author": "Auteur",
    "prDebut": "PR de début",
    "borne_debut_aval": "En amont de la borne de début",
    "class": "Fondation",
    "borneFinId": "Borne de fin",
    "geometry": "Géométrie",
    "conventionIds": "Conventions",
    "dateMaj": "Mise à jour",
    "latitudeMin": "Latitude min",
    "designation": "Désignation",
    "classAbrege": "F",
    "fonctionId": "Fonction",
    "sourceId": "Source",
    "borne_debut_distance": "Distance (borne fin)",
    "longitudeMax": "Longitude max",
    "systemeRepId": "Système de repérage",
    "linearId": "Tronçon",
    "borne_fin_aval": "En amont de la borne de fin",
    "prFin": "PR de fin",
    "gardes": "Gardiens",
    "valid": "Validé",
    "proprietes": "Propriétaires",
    "editedGeoCoordinate": "@edited Geo Coordinate",
    "coteId": "Côté",
    "materiauId": "Matériau",
    "date_debut": "Date de début",
    "latitudeMax": "Latitude max",
    "positionFin": "Position de fin",
    "positionId": "Position",
    "epaisseur": "Épaisseur (m)",
    "natureId": "Nature",
    "borneDebutId": "Borne de début",
    "commentaire": "Commentaire",
    "contactStructure": "Contact",
    "organismeStructure": "Gestionnaires"
  },
  "ReseauHydrauliqueFerme": {
    "newAttribute": "@new Attribute",
    "longitudeMin": "Longitude min",
    "classPlural": "Réseau hydraulique fermés",
    "photos": "Photos",
    "borne_fin_distance": "Distance (borne fin)",
    "date_fin": "Date de fin",
    "gestions": "Gestionnaires",
    "troncon": "Tronçon",
    "geometryMode": "@geometry Mode",
    "diametre": "Diamètre (mm)",
    "positionDebut": "Position de début",
    "photo": "Photo",
    "observations": "Observations",
    "author": "Auteur",
    "prDebut": "PR de début",
    "borne_debut_aval": "En amont de la borne de début",
    "stationPompageIds": "Station de pompage",
    "class": "Réseau hydraulique fermé",
    "borneFinId": "Borne de fin",
    "libelle": "Libellé",
    "geometry": "Géométrie",
    "conventionIds": "Conventions",
    "dateMaj": "Mise à jour",
    "latitudeMin": "Latitude min",
    "designation": "Désignation",
    "autorise": "Autorisé",
    "classAbrege": "RHF",
    "sourceId": "Source",
    "borne_debut_distance": "Distance (borne début)",
    "longitudeMax": "Longitude max",
    "systemeRepId": "Système de repérage",
    "linearId": "Tronçon",
    "borne_fin_aval": "En amont de la borne de fin",
    "prFin": "PR de fin",
    "reseauHydrauliqueCielOuvertIds": "Réseau hydraulique à ciel ouvert",
    "gardes": "Gardiens",
    "valid": "Validé",
    "ecoulementId": "Écoulement",
    "proprietes": "Propriétaires",
    "editedGeoCoordinate": "@edited Geo Coordinate",
    "coteId": "Côté",
    "date_debut": "Date de début",
    "utilisationConduiteId": "Utilisation",
    "ouvrageHydrauliqueAssocieIds": "Ouvrage hydraulique associé",
    "typeConduiteFermeeId": "Type de réseau hydraulique fermé",
    "latitudeMax": "Latitude max",
    "positionFin": "Position de fin",
    "positionId": "Position",
    "commentaire": "Commentaire",
    "borneDebutId": "Borne de début",
    "implantationId": "Implantation",
    "organismeStructure": "Gestionnaires",
    "contactStructure": "Contact"
  },
  "Crete": {
    "newAttribute": "@new Attribute",
    "longitudeMin": "Longitude min",
    "classPlural": "Crêtes",
    "photos": "Photos",
    "borne_fin_distance": "Distance (borne fin)",
    "largeurMoyenne": "Largeur moyenne (m)",
    "date_fin": "Date de fin",
    "gestions": "Gestionnaires",
    "troncon": "Tronçon",
    "numCouche": "N° couche",
    "geometryMode": "@geometry Mode",
    "class_name": "Crête",
    "positionDebut": "Position de début",
    "photo": "Photo",
    "author": "Auteur",
    "prDebut": "PR de début",
    "borne_debut_aval": "En amont de la borne de début",
    "class": "Crête",
    "borneFinId": "Borne de fin",
    "geometry": "Géométrie",
    "conventionIds": "Conventions",
    "dateMaj": "Mise à jour",
    "latitudeMin": "Latitude min",
    "designation": "Désignation",
    "classAbrege": "Crt",
    "fonctionId": "Fonction",
    "position_structure": "Position",
    "sourceId": "Source",
    "borne_debut_distance": "Distance (borne début)",
    "longitudeMax": "Longitude max",
    "systemeRepId": "Système de repérage",
    "linearId": "Tronçon",
    "borne_fin_aval": "En amont de la borne de fin",
    "prFin": "PR de fin",
    "gardes": "Gardiens",
    "valid": "Validé",
    "proprietes": "Propriétaires",
    "editedGeoCoordinate": "@edited Geo Coordinate",
    "coteId": "Côté",
    "materiauId": "Matériau",
    "date_debut": "Date de début",
    "class_name_plural": "Crêtes",
    "latitudeMax": "Latitude max",
    "positionId": "Position",
    "epaisseur": "Épaisseur de crête (m)",
    "positionFin": "Position de fin",
    "natureId": "Nature",
    "borneDebutId": "Borne de début",
    "commentaire": "Commentaire",
    "riveId": "Rive",
    "organismeStructure": "Gestionnaires",
    "contactStructure": "Contact"
  },
  "ProprieteTroncon": {
    "positionFin": "Position de fin",
    "positionDebut": "Position de début",
    "borne_debut_aval": "En amont de la borne de début",
    "borneFinId": "Borne de fin",
    "newAttribute": "@new Attribute",
    "author": "@author",
    "prFin": "PR de fin",
    "borne_fin_aval": "En amont de la borne de fin",
    "geometry": "@geometry",
    "systemeRepId": "Système de repérage",
    "prDebut": "PR de début",
    "typeContact": "@type Contact",
    "geometryMode": "@geometry Mode",
    "borneDebutId": "Borne de début",
    "coteId": "Côté",
    "longitudeMin": "Longitude min",
    "classAbrege": "PT",
    "longitudeMax": "Longitude max",
    "class": "Période de propriété (tronçon)",
    "editedGeoCoordinate": "@edited Geo Coordinate",
    "valid": "Validé",
    "contactId": "Contact",
    "linearId": "Tronçon",
    "date_fin": "Date de fin",
    "latitudeMin": "Latitude min",
    "designation": "Désignation",
    "latitudeMax": "Latitude max",
    "dateMaj": "Mise à jour",
    "date_debut": "Date de début",
    "borne_debut_distance": "Distance (borne début)",
    "typeProprietaireId": "Type de propriétaire",
    "borne_fin_distance": "Distance (borne fin)",
    "organismeId": "Organisme",
    "classPlural": "Période de propriété (tronçon)s"
  },
  "ProfilLong": {
    "nomFichierPlanEnsemble": "Fichier de plan d'ensemble",
    "newAttribute": "@new Attribute",
    "longitudeMin": "Longitude min",
    "classPlural": "Profil en longs",
    "pointsLeveDZ": "Pr/Z",
    "chemin": "Chemin vers le fichier",
    "borne_fin_distance": "Distance (borne fin)",
    "origineProfilLongId": "Origine",
    "geometryMode": "@geometry Mode",
    "document": "Document",
    "positionDebut": "Position de début",
    "typeSystemesReleveId": "Type de système de relevé",
    "author": "Auteur",
    "prDebut": "PR de début",
    "borne_debut_aval": "En amont de la borne de début",
    "dateLeve": "Date de levé",
    "systemeRepDzId": "Système de repérage des points Pr/Z",
    "class": "Profil en long",
    "parametresHydrauliques": "Paramètres hydrauliques",
    "borneFinId": "Borne de fin",
    "positionProfilLongSurDigueId": "Position sur digue",
    "libelle": "Libellé",
    "geometry": "Géométrie",
    "dateMaj": "Mise à jour",
    "referencePapier": "Référence papier",
    "latitudeMin": "Latitude min",
    "designation": "Désignation",
    "classAbrege": "PL",
    "nomFichierCoupeImage": "Fichier de coupe image",
    "organismeCreateurId": "Organisme créateur",
    "borne_debut_distance": "Distance (borne début)",
    "longitudeMax": "Longitude max",
    "systemeRepId": "Système de repérage",
    "linearId": "Tronçon",
    "borne_fin_aval": "En amont de la borne de fin",
    "rapportEtudeId": "Rapport d'étude",
    "prFin": "PR de fin",
    "valid": "Validé",
    "pointsLeveXYZ": "XYZ",
    "editedGeoCoordinate": "@edited Geo Coordinate",
    "leveePoints": "Points de levé",
    "coteId": "Côté",
    "profilLongEvenementHydraulique": "Paramètres hydrauliques",
    "latitudeMax": "Latitude max",
    "positionId": "Position",
    "positionFin": "Position de fin",
    "commentaire": "Commentaire",
    "borneDebutId": "Borne de début",
    "referenceCalque": "Référence calque"
  },
  "LaisseCrue": {
    "observateurId": "Observateur",
    "newAttribute": "@new Attribute",
    "longitudeMin": "Longitude min",
    "classPlural": "Laisse de crues",
    "photos": "Photos",
    "borne_fin_distance": "Distance (borne fin)",
    "date_fin": "Date de fin",
    "gestions": "Gestionnaires",
    "troncon": "Tronçon",
    "geometryMode": "@geometry Mode",
    "positionDebut": "Position de début",
    "photo": "Photo",
    "articleJournal": "Article de journal",
    "author": "Auteur",
    "prDebut": "PR de début",
    "borne_debut_aval": "En amont de la borne de début",
    "class": "Laisse de crue",
    "borneFinId": "Borne de fin",
    "evenementHydrauliqueId": "Événement hydraulique",
    "geometry": "Géométrie",
    "conventionIds": "Conventions",
    "dateMaj": "Mise à jour",
    "latitudeMin": "Latitude min",
    "designation": "Désignation",
    "classAbrege": "LC",
    "referenceHauteurId": "Référence de hauteur",
    "position_structure": "xxxxxxxxxxx",
    "sourceId": "Source",
    "borne_debut_distance": "Distance (borne début)",
    "longitudeMax": "Longitude max",
    "systemeRepId": "Système de repérage",
    "linearId": "Tronçon",
    "borne_fin_aval": "En amont de la borne de fin",
    "prFin": "PR de fin",
    "gardes": "Gardiens",
    "valid": "Validé",
    "proprietes": "Propriétaires",
    "editedGeoCoordinate": "@edited Geo Coordinate",
    "coteId": "Côté",
    "articleIds": "Article",
    "date_debut": "Date de début",
    "hauteur": "Hauteur (m)",
    "latitudeMax": "Latitude max",
    "positionFin": "Position de fin",
    "date": "Date et heure du relevé",
    "commentaire": "Commentaire",
    "borneDebutId": "Borne de début",
    "positionLaisse": "Position laisse",
    "organismeStructure": "Gestionnaires",
    "contactStructure": "Contact"
  },
  "VoieDigue": {
    "newAttribute": "@new Attribute",
    "longitudeMin": "Longitude min",
    "classPlural": "Voie sur digues",
    "photos": "Photos",
    "borne_fin_distance": "Distance (borne fin)",
    "date_fin": "Date de fin",
    "gestions": "Gestionnaires",
    "troncon": "Tronçon",
    "geometryMode": "@geometry Mode",
    "positionDebut": "Position de début",
    "photo": "Photo",
    "author": "Auteur",
    "prDebut": "PR de début",
    "borne_debut_aval": "En amont de la borne de début",
    "class": "Voie sur digue",
    "borneFinId": "Borne de fin",
    "libelle": "Libellé",
    "geometry": "Géométrie",
    "largeur": "Largeur (m)",
    "conventionIds": "Conventions",
    "dateMaj": "Mise à jour",
    "latitudeMin": "Latitude min",
    "crueSubmersionIds": "Crue de submersion",
    "designation": "Désignation",
    "classAbrege": "VD",
    "TypeVoieDigueId": "Type de voie sur digue",
    "position_structure": "xxxxxxxx",
    "sourceId": "Source",
    "borne_debut_distance": "Distance (borne début)",
    "longitudeMax": "Longitude max",
    "systemeRepId": "Système de repérage",
    "linearId": "Tronçon",
    "borne_fin_aval": "En amont de la borne de fin",
    "prFin": "PR de fin",
    "gardes": "Gardiens",
    "valid": "Validé",
    "proprietes": "Propriétaires",
    "editedGeoCoordinate": "@edited Geo Coordinate",
    "coteId": "Côté",
    "date_debut": "Date de début",
    "usageId": "Usage",
    "revetementId": "Revêtement",
    "latitudeMax": "Latitude max",
    "positionFin": "Position de fin",
    "positionId": "Position",
    "ouvrageFranchissementIds": "Ouvrage de franchissement",
    "borneDebutId": "Borne de début",
    "commentaire": "Commentaire",
    "contactStructure": "Contact",
    "organismeStructure": "Gestionnaires",
    "typeVoieDigueId": "Type de voie sur digue"
  },
  "MonteeEaux": {
    "newAttribute": "@new Attribute",
    "longitudeMin": "Longitude min",
    "classPlural": "Montées des eaux",
    "photos": "Photos",
    "borne_fin_distance": "Distance (borne fin)",
    "date_fin": "Date de fin",
    "gestions": "Gestionnaires",
    "troncon": "Tronçon",
    "geometryMode": "@geometry Mode",
    "positionDebut": "Position de début",
    "photo": "Photo",
    "articleJournal": "Article de journal",
    "author": "Auteur",
    "prDebut": "PR de début",
    "borne_debut_aval": "En amont de la borne de début",
    "class": "Montée des eaux",
    "borneFinId": "Borne de fin",
    "evenementHydrauliqueId": "Événement hydraulique",
    "geometry": "Géométrie",
    "conventionIds": "Conventions",
    "dateMaj": "Mise à jour",
    "latitudeMin": "Latitude min",
    "designation": "Désignation",
    "classAbrege": "ME",
    "sourceId": "Source",
    "borne_debut_distance": "Distance (borne début)",
    "longitudeMax": "Longitude max",
    "systemeRepId": "Système de repérage",
    "linearId": "Tronçon",
    "echelleLimnimetriqueId": "Échelle limnimetrique",
    "borne_fin_aval": "En amont de la borne de fin",
    "mesures": "Mesures",
    "prFin": "PR de fin",
    "gardes": "Gardiens",
    "valid": "Validé",
    "proprietes": "Propriétaires",
    "editedGeoCoordinate": "@edited Geo Coordinate",
    "coteId": "Côté",
    "articleIds": "Article",
    "date_debut": "Date de début",
    "echelleLimnimetrique": "Échelle limnimétrique",
    "latitudeMax": "Latitude max",
    "positionFin": "Position de fin",
    "borneDebutId": "Borne de début",
    "commentaire": "Commentaire",
    "contactStructure": "Contact",
    "organismeStructure": "Gestionnaires"
  },
  "ReseauTelecomEnergie": {
    "newAttribute": "@new Attribute",
    "longitudeMin": "Longitude min",
    "classPlural": "Réseau de télécommunication et énergies",
    "photos": "Photos",
    "borne_fin_distance": "Distance (borne fin)",
    "date_fin": "Date de fin",
    "gestions": "Gestionnaires",
    "troncon": "Tronçon",
    "geometryMode": "@geometry Mode",
    "positionDebut": "Position de début",
    "photo": "Photo",
    "author": "Auteur",
    "prDebut": "PR de début",
    "borne_debut_aval": "En amont de la borne de début",
    "class": "Réseau de télécommunication et énergie",
    "borneFinId": "Borne de fin",
    "libelle": "Libellé",
    "geometry": "Géométrie",
    "conventionIds": "Conventions",
    "dateMaj": "Mise à jour",
    "latitudeMin": "Latitude min",
    "typeReseauTelecomEnergieId": "Type de réseau",
    "designation": "Désignation",
    "classAbrege": "RTE",
    "sourceId": "Source",
    "borne_debut_distance": "Distance (borne début)",
    "longitudeMax": "Longitude max",
    "systemeRepId": "Système de repérage",
    "linearId": "Tronçon",
    "borne_fin_aval": "En amont de la borne de fin",
    "prFin": "PR de fin",
    "gardes": "Gardiens",
    "valid": "Validé",
    "ouvrageTelecomEnergieIds": "Ouvrage télécom ou énergie",
    "proprietes": "Propriétaires",
    "editedGeoCoordinate": "@edited Geo Coordinate",
    "coteId": "Côté",
    "date_debut": "Date de début",
    "hauteur": "Hauteur aérienne (m)",
    "latitudeMax": "Latitude max",
    "positionId": "Position",
    "positionFin": "Position de fin",
    "borneDebutId": "Borne de début",
    "commentaire": "Commentaire",
    "implantationId": "Implantation",
    "contactStructure": "Contact",
    "organismeStructure": "Gestionnaires"
  },
  "Prestation": {
    "newAttribute": "@new Attribute",
    "longitudeMin": "Longitude min",
    "classPlural": "Prestations",
    "photos": "Photos",
    "borne_fin_distance": "Distance (borne fin)",
    "date_fin": "Date de fin",
    "gestions": "Gestionnaires",
    "geometryMode": "@geometry Mode",
    "positionDebut": "Position de début",
    "realisationInterne": "Réalisation interne",
    "photo": "Photo",
    "desordreIds": "Désordre",
    "author": "Auteur",
    "prDebut": "PR de début",
    "borne_debut_aval": "En amont de la borne de début",
    "typePrestationId": "Type de prestation",
    "evenementHydrauliqueIds": "Événement hydraulique",
    "class": "Prestation",
    "intervenantsIds": "Intervenants",
    "borneFinId": "Borne de fin",
    "libelle": "Libellé",
    "geometry": "Géométrie",
    "conventionIds": "Conventions",
    "dateMaj": "Mise à jour",
    "latitudeMin": "Latitude min",
    "designation": "Désignation",
    "classAbrege": "Pr",
    "sourceId": "Source",
    "borne_debut_distance": "Distance (borne début)",
    "longitudeMax": "Longitude max",
    "systemeRepId": "Système de repérage",
    "linearId": "Tronçon",
    "borne_fin_aval": "En amont de la borne de fin",
    "documentGrandeEchelleIds": "Document à grande échelle",
    "prFin": "PR de fin",
    "marcheId": "Marché",
    "gardes": "Gardiens",
    "valid": "Validé",
    "coutMetre": "Coût au mètre Tronçon (euros HT)",
    "proprietes": "Propriétaires",
    "editedGeoCoordinate": "@edited Geo Coordinate",
    "coteId": "Côté",
    "rapportEtudeIds": "Rapport d'étude",
    "date_debut": "Date de début",
    "coutGlobal": "Coût global (euros HT)",
    "latitudeMax": "Latitude max",
    "positionId": "Position",
    "positionFin": "Position de fin",
    "borneDebutId": "Borne de début",
    "commentaire": "Commentaire",
    "contactStructure": "Contact",
    "organismeStructure": "Gestionnaires"
  },
  "Gestion": {
    "valid": "@valid",
    "classPlural": "Gestionnaires",
    "class": "Gestionnaire",
    "author": "@author",
    "date_fin": "Fin",
    "classAbrege": "GO",
    "designation": "Désignation",
    "organismeId": "Organisme",
    "date_debut": "Début",
    "dateMaj": "Mise à jour"
  },
  "Propriete": {
    "valid": "Validé",
    "classPlural": "Propriétaires",
    "contactId": "Contact",
    "class": "Propriétaire",
    "author": "Auteur",
    "date_fin": "Fin de propriété",
    "classAbrege": "PO",
    "designation": "Désignation",
    "organismeId": "Organisme",
    "date_debut": "Début de propriété",
    "dateMaj": "Mise à jour"
  }
}